pays,id,date,iig,pop
Afghanistan,AFG,2005,0.674,0.3421090557722336
Afghanistan,AFG,2010,0.665,0.4436362521471439
Afghanistan,AFG,2015,0.614,0.46370516384690075
Afghanistan,AFG,2019,0.575,0.467131611035558
Albania,ALB,2000,0.380,0.3062503728153023
Albania,ALB,2005,0.329,0.3717797042663326
Albania,ALB,2010,0.269,0.44532290776052336
Albania,ALB,2015,0.256,0.4633199451215875
Albania,ALB,2019,0.234,0.48704425400486484
Algeria,DZA,1995,0.679,0.22082452344322043
Algeria,DZA,2000,0.627,0.2353515866029338
Algeria,DZA,2005,0.561,0.3928246016010004
Algeria,DZA,2010,0.523,0.3814485310450929
Algeria,DZA,2015,0.442,0.43783268476087833
Algeria,DZA,2019,0.443,0.46442792618614714
Angola,AGO,2015,0.575,0.49250290965703836
Angola,AGO,2019,0.578,0.5079142671443039
Argentina,ARG,1995,0.418,0.2483871349714924
Argentina,ARG,2000,0.409,0.28338270440313634
Argentina,ARG,2005,0.371,0.4040520458568759
Argentina,ARG,2010,0.371,0.4689445774382434
Argentina,ARG,2019,0.354,0.5163950764445725
Armenia,ARM,1995,0.474,0.46166442797207435
Armenia,ARM,2000,0.468,0.4216011226638807
Armenia,ARM,2005,0.403,0.4266340397658491
Armenia,ARM,2010,0.345,0.4384120607598295
Armenia,ARM,2015,0.301,0.4541720561166111
Armenia,ARM,2019,0.259,0.46385959239175495
Australia,AUS,1995,0.180,0.3211457674684498
Australia,AUS,2000,0.160,0.3599154619708794
Australia,AUS,2005,0.139,0.3960658634399009
Australia,AUS,2010,0.138,0.4341426232774077
Australia,AUS,2015,0.110,0.4773626906653039
Australia,AUS,2019,0.103,0.5194151631428052
Austria,AUT,1995,0.186,0.4557444222588766
Austria,AUT,2000,0.150,0.4436635124576786
Austria,AUT,2005,0.118,0.4626530080736175
Austria,AUT,2010,0.111,0.4982203316260092
Austria,AUT,2015,0.089,0.5067453772028822
Austria,AUT,2019,0.073,0.534565500477472
Azerbaijan,AZE,2005,0.325,0.6003086900399013
Azerbaijan,AZE,2010,0.302,0.46955406055446547
Azerbaijan,AZE,2015,0.310,0.454948384395234
Azerbaijan,AZE,2019,0.321,0.4618298882555898
Bahamas,BHS,2000,0.387,0.42262250629478987
Bahamas,BHS,2005,0.360,0.4250543396388835
Bahamas,BHS,2010,0.386,0.44356209783287065
Bahamas,BHS,2015,0.374,0.5367895495728151
Bahamas,BHS,2019,0.353,0.5829298211634063
Bahrain,BHR,2005,0.325,0.41743553937459477
Bahrain,BHR,2010,0.236,0.4167206955596562
Bahrain,BHR,2015,0.226,0.46039266536997325
Bahrain,BHR,2019,0.207,0.5974265622662212
Bangladesh,BGD,1995,0.708,0.28878967504395575
Bangladesh,BGD,2000,0.680,0.2870493131467009
Bangladesh,BGD,2005,0.634,0.29347650179600854
Bangladesh,BGD,2010,0.588,0.3067438895888682
Bangladesh,BGD,2015,0.549,0.32174998008972894
Bangladesh,BGD,2019,0.536,0.3342688182692563
Barbados,BRB,1995,0.372,0.4197741864069072
Barbados,BRB,2000,0.356,0.44561434580473763
Barbados,BRB,2005,0.347,0.43729909231791014
Barbados,BRB,2010,0.320,0.4536019481957051
Barbados,BRB,2015,0.295,0.4924861633827762
Barbados,BRB,2019,0.256,0.5387735222492805
Belarus,BLR,2010,0.150,0.5688414458729574
Belarus,BLR,2015,0.153,0.5723152578954264
Belarus,BLR,2019,0.119,0.5747112697647343
Belgium,BEL,1995,0.162,0.3678430226561694
Belgium,BEL,2000,0.122,0.3897187747103517
Belgium,BEL,2005,0.104,0.40571904974730977
Belgium,BEL,2010,0.091,0.45967098703888337
Belgium,BEL,2015,0.057,0.4840066008869942
Belgium,BEL,2019,0.045,0.5236824010726442
Belize,BLZ,1995,0.515,0.35674454097205915
Belize,BLZ,2000,0.481,0.40781286687015733
Belize,BLZ,2005,0.464,0.434785160835877
Belize,BLZ,2010,0.425,0.48407783517257574
Belize,BLZ,2015,0.386,0.5368044141817327
Belize,BLZ,2019,0.391,0.5839545667997182
Benin,BEN,1995,0.682,0.1904789774850418
Benin,BEN,2000,0.678,0.2300433551384618
Benin,BEN,2005,0.656,0.3353067499853682
Benin,BEN,2010,0.623,0.36435424254566245
Benin,BEN,2015,0.622,0.44097383234512433
Benin,BEN,2019,0.613,0.4616564394161088
Bhutan,BTN,2015,0.495,0.4720822496749025
Bhutan,BTN,2019,0.436,0.4871586475942783
Bolivia (Plurinational State of),BOL,2000,0.587,0.1935616839233396
Bolivia (Plurinational State of),BOL,2005,0.557,0.3164125705553677
Bolivia (Plurinational State of),BOL,2010,0.503,0.468364664072757
Bolivia (Plurinational State of),BOL,2015,0.456,0.4957703786447676
Bolivia (Plurinational State of),BOL,2019,0.446,0.5262493865369484
Bosnia and Herzegovina,BIH,2010,0.235,0.4908756872120485
Bosnia and Herzegovina,BIH,2015,0.177,0.5043204827906617
Bosnia and Herzegovina,BIH,2019,0.162,0.5150212696968524
Botswana,BWA,1995,0.575,0.08824175443058462
Botswana,BWA,2000,0.531,0.1219176656917261
Botswana,BWA,2005,0.522,0.15575542479277696
Botswana,BWA,2010,0.503,0.21589345787909967
Botswana,BWA,2015,0.469,0.36726743043433024
Botswana,BWA,2019,0.464,0.40974092785054506
Brazil,BRA,1995,0.519,0.23904983501772434
Brazil,BRA,2000,0.507,0.31384848444915286
Brazil,BRA,2005,0.470,0.3974219335040356
Brazil,BRA,2010,0.456,0.4996777130402747
Brazil,BRA,2015,0.413,0.504096338877433
Brazil,BRA,2019,0.386,0.5771921672523218
Brunei Darussalam,BRN,2019,0.234,0.4123932988483726
Bulgaria,BGR,1995,0.373,0.21826689842138716
Bulgaria,BGR,2000,0.336,0.23493832124836236
Bulgaria,BGR,2005,0.253,0.31158341224235664
Bulgaria,BGR,2010,0.238,0.3855291660721466
Bulgaria,BGR,2015,0.234,0.4354221524652044
Bulgaria,BGR,2019,0.218,0.5677396131944534
Burkina Faso,BFA,2005,0.645,0.3801191967784108
Burkina Faso,BFA,2010,0.619,0.3999612923546708
Burkina Faso,BFA,2015,0.623,0.4234395031759876
Burkina Faso,BFA,2019,0.612,0.44085035383974147
Burundi,BDI,2000,0.622,0.5933150533895086
Burundi,BDI,2005,0.571,0.3735486755587749
Burundi,BDI,2010,0.544,0.2252022839780192
Burundi,BDI,2015,0.524,0.37417848426039146
Burundi,BDI,2019,0.520,0.5091049825400361
Cabo Verde,CPV,2015,0.378,0.51052196681905
Cabo Verde,CPV,2019,0.372,0.5515742708132123
Cambodia,KHM,1995,0.660,0.19340567855984786
Cambodia,KHM,2000,0.598,0.21480411409584255
Cambodia,KHM,2005,0.561,0.32314433947484433
Cambodia,KHM,2010,0.493,0.457922694929519
Cambodia,KHM,2015,0.476,0.5034566493363598
Cambodia,KHM,2019,0.474,0.536047524146449
Cameroon,CMR,1995,0.697,0.17509379185388052
Cameroon,CMR,2000,0.688,0.20677285531904896
Cameroon,CMR,2005,0.657,0.2886465515665916
Cameroon,CMR,2010,0.623,0.3727524547749648
Cameroon,CMR,2015,0.577,0.46555482744126425
Cameroon,CMR,2019,0.566,0.5067553631709348
Canada,CAN,1995,0.184,0.5082983960994251
Canada,CAN,2005,0.133,0.5551388533029196
Canada,CAN,2010,0.126,0.5939760575079341
Canada,CAN,2015,0.108,0.6000905458220056
Canada,CAN,2019,0.083,0.6143004957345964
Central African Republic,CAF,1995,0.742,0.031478712930598896
Central African Republic,CAF,2000,0.710,0.03636486761021196
Central African Republic,CAF,2005,0.692,0.09101244458798464
Central African Republic,CAF,2010,0.688,0.16359892900490178
Central African Republic,CAF,2019,0.682,0.49770147574373214
Chad,TCD,2015,0.707,0.422359496124031
Chad,TCD,2019,0.701,0.45785852713178293
Chile,CHL,1995,0.477,0.38948644238030855
Chile,CHL,2000,0.433,0.40780526370027886
Chile,CHL,2005,0.383,0.43365002899326466
Chile,CHL,2010,0.362,0.4615127870294747
Chile,CHL,2015,0.333,0.5040136829751858
Chile,CHL,2019,0.288,0.5296138896963936
China,CHN,2000,0.268,0.2758230985565883
China,CHN,2005,0.234,0.3530952087445344
China,CHN,2010,0.192,0.4311648194824567
China,CHN,2015,0.165,0.5066965727043486
China,CHN,2019,0.163,0.536948482806218
Colombia,COL,1995,0.523,0.23037944505324445
Colombia,COL,2000,0.503,0.27096560791235513
Colombia,COL,2005,0.492,0.35800472075599016
Colombia,COL,2010,0.456,0.4749288261685474
Colombia,COL,2015,0.413,0.512093277453859
Colombia,COL,2019,0.411,0.544134049393663
Congo,COG,2000,0.616,0.2701662928106868
Congo,COG,2005,0.618,0.35863857943081995
Congo,COG,2010,0.613,0.3676779575349733
Congo,COG,2015,0.592,0.4694043785009837
Congo,COG,2019,0.579,0.494809876481326
Costa Rica,CRI,1995,0.463,0.3296742021276596
Costa Rica,CRI,2000,0.423,0.4050465425531915
Costa Rica,CRI,2005,0.345,0.4493284574468085
Costa Rica,CRI,2010,0.321,0.5055119680851063
Costa Rica,CRI,2015,0.308,0.5305585106382978
Costa Rica,CRI,2019,0.285,0.5761369680851064
Côte d'Ivoire,CIV,1995,0.706,0.19831364906557702
Côte d'Ivoire,CIV,2005,0.690,0.31923253348509834
Côte d'Ivoire,CIV,2010,0.679,0.4274952580917646
Côte d'Ivoire,CIV,2015,0.663,0.480300322351017
Côte d'Ivoire,CIV,2019,0.657,0.5048765577830581
Croatia,HRV,1995,0.279,0.37616715756980723
Croatia,HRV,2000,0.206,0.4762841258489796
Croatia,HRV,2005,0.164,0.4448188506805978
Croatia,HRV,2010,0.146,0.4422067611301681
Croatia,HRV,2015,0.150,0.4401532506676687
Croatia,HRV,2019,0.122,0.5167058581108108
Cuba,CUB,1995,0.419,0.29575072944441355
Cuba,CUB,2000,0.379,0.332086368152469
Cuba,CUB,2005,0.341,0.36762245842710756
Cuba,CUB,2010,0.326,0.42063983213713313
Cuba,CUB,2015,0.320,0.4860916041975386
Cuba,CUB,2019,0.313,0.5352460046752129
Cyprus,CYP,1995,0.340,0.37179009354850734
Cyprus,CYP,2000,0.258,0.35944429950430473
Cyprus,CYP,2005,0.140,0.36209515113115426
Cyprus,CYP,2010,0.132,0.38106574484737804
Cyprus,CYP,2015,0.114,0.45494018113376317
Cyprus,CYP,2019,0.086,0.5049057060862435
Czechia,CZE,1995,0.252,0.19049735129275347
Czechia,CZE,2005,0.153,0.3697909123227429
Czechia,CZE,2010,0.135,0.488219068058829
Czechia,CZE,2015,0.134,0.5212214775704749
Czechia,CZE,2019,0.137,0.5584131017744364
Democratic Republic of the Congo,COD,2005,0.665,0.3153955057980607
Democratic Republic of the Congo,COD,2010,0.679,0.3857985355704419
Democratic Republic of the Congo,COD,2015,0.659,0.4610638038958456
Democratic Republic of the Congo,COD,2019,0.655,0.5055339053730378
Denmark,DNK,1995,0.102,0.4427539747120681
Denmark,DNK,2000,0.076,0.45992034927391084
Denmark,DNK,2005,0.064,0.464321482223335
Denmark,DNK,2010,0.056,0.47971566725087633
Denmark,DNK,2015,0.044,0.49891243114672007
Denmark,DNK,2019,0.040,0.5278034238858288
Dominican Republic,DOM,1995,0.581,0.24945594571775387
Dominican Republic,DOM,2000,0.494,0.33302024549166337
Dominican Republic,DOM,2005,0.478,0.37842824770894123
Dominican Republic,DOM,2010,0.473,0.4416161748364629
Dominican Republic,DOM,2015,0.473,0.5437822551049999
Dominican Republic,DOM,2019,0.453,0.5868658367272569
Ecuador,ECU,1995,0.583,0.14071733611560508
Ecuador,ECU,2000,0.490,0.19317048032204515
Ecuador,ECU,2005,0.458,0.4291386644250793
Ecuador,ECU,2010,0.421,0.5037176275782831
Ecuador,ECU,2015,0.393,0.5009043791211344
Ecuador,ECU,2019,0.389,0.5288256588534956
Egypt,EGY,1995,0.665,0.15262206331783565
Egypt,EGY,2000,0.636,0.16993392200868976
Egypt,EGY,2005,0.580,0.18492197317304587
Egypt,EGY,2019,0.450,0.35300367062367904
El Salvador,SLV,1995,0.527,0.29374370212757983
El Salvador,SLV,2000,0.521,0.2929696846269129
El Salvador,SLV,2005,0.489,0.34400798631132246
El Salvador,SLV,2010,0.442,0.41671378032271345
El Salvador,SLV,2015,0.397,0.47515178926733215
El Salvador,SLV,2019,0.397,0.5028146374893097
Estonia,EST,1995,0.387,0.33176315802109896
Estonia,EST,2000,0.282,0.3687559121662177
Estonia,EST,2005,0.213,0.3958666455389255
Estonia,EST,2010,0.169,0.4305497534296566
Estonia,EST,2015,0.144,0.5178985580316628
Estonia,EST,2019,0.091,0.5496429891912397
Eswatini,SWZ,1995,0.651,0.0969885754427478
Eswatini,SWZ,2000,0.664,0.13855510777535401
Eswatini,SWZ,2005,0.621,0.18689688320331274
Eswatini,SWZ,2010,0.577,0.28737937664066254
Eswatini,SWZ,2015,0.574,0.424899249454653
Eswatini,SWZ,2019,0.579,0.47278810958701517
Ethiopia,ETH,2005,0.614,0.27475288128321634
Ethiopia,ETH,2010,0.580,0.3501073132457009
Ethiopia,ETH,2015,0.519,0.42118986357280264
Ethiopia,ETH,2019,0.508,0.4682826554034599
Fiji,FJI,1995,0.494,0.2499000597395714
Fiji,FJI,2005,0.423,0.36616763911908834
Fiji,FJI,2015,0.360,0.48894368759348344
Fiji,FJI,2019,0.357,0.5259912052570823
Finland,FIN,1995,0.101,0.5950945842499811
Finland,FIN,2000,0.085,0.6557657427777356
Finland,FIN,2005,0.088,0.6225181547967973
Finland,FIN,2010,0.077,0.6053736819238222
Finland,FIN,2015,0.063,0.6076219112708013
Finland,FIN,2019,0.050,0.6125493955297476
France,FRA,1995,0.199,0.30827325003679457
France,FRA,2000,0.172,0.35133945328046523
France,FRA,2005,0.138,0.38856903490216127
France,FRA,2010,0.107,0.4415231823260618
France,FRA,2015,0.086,0.47951565271840085
France,FRA,2019,0.051,0.5111851163536006
Gabon,GAB,1995,0.623,0.1775554793933682
Gabon,GAB,2000,0.609,0.19404935309742097
Gabon,GAB,2005,0.586,0.44689829491903005
Gabon,GAB,2010,0.555,0.40536372204609716
Gabon,GAB,2015,0.543,0.48442721274955014
Gabon,GAB,2019,0.534,0.5212706708936681
Gambia,GMB,1995,0.756,0.137040756901834
Gambia,GMB,2000,0.748,0.16196416363528945
Gambia,GMB,2005,0.657,0.20481419275339077
Gambia,GMB,2010,0.665,0.2510993138256121
Gambia,GMB,2015,0.637,0.3038157372787657
Gambia,GMB,2019,0.620,0.3418633896845961
Georgia,GEO,1995,0.425,0.5539881990957017
Georgia,GEO,2000,0.422,0.5445547456895743
Georgia,GEO,2005,0.388,0.5079032288324797
Georgia,GEO,2010,0.420,0.4735159753100317
Georgia,GEO,2015,0.378,0.49694072343858464
Georgia,GEO,2019,0.351,0.5015020825125233
Germany,DEU,1995,0.156,0.4065589109469551
Germany,DEU,2000,0.130,0.42718118640238173
Germany,DEU,2005,0.117,0.452178925679643
Germany,DEU,2010,0.097,0.49643204392005086
Germany,DEU,2015,0.076,0.49999265109412755
Germany,DEU,2019,0.084,0.5340903287651372
Ghana,GHA,1995,0.628,0.21868074694140374
Ghana,GHA,2005,0.575,0.3201524790727624
Ghana,GHA,2010,0.574,0.3684028332260142
Ghana,GHA,2015,0.555,0.4450184159690921
Ghana,GHA,2019,0.541,0.47419137153895685
Greece,GRC,1995,0.284,0.46549698486514884
Greece,GRC,2000,0.221,0.458655558730901
Greece,GRC,2005,0.179,0.4017100678657926
Greece,GRC,2010,0.157,0.3679417122040073
Greece,GRC,2015,0.126,0.3850385419583414
Greece,GRC,2019,0.122,0.4773208166988531
Guatemala,GTM,1995,0.585,0.1884295861796683
Guatemala,GTM,2000,0.596,0.23643712405983855
Guatemala,GTM,2005,0.575,0.299970803985256
Guatemala,GTM,2010,0.539,0.38274897067459385
Guatemala,GTM,2015,0.499,0.46527830769281814
Guatemala,GTM,2019,0.492,0.5058076845237898
Guyana,GUY,2000,0.544,0.3679267045498235
Guyana,GUY,2005,0.534,0.40028950626302395
Guyana,GUY,2010,0.523,0.45211228075571513
Guyana,GUY,2015,0.503,0.4997058800913502
Guyana,GUY,2019,0.492,0.541055679013295
Haiti,HTI,2005,0.593,0.2864718691842811
Haiti,HTI,2015,0.614,0.42610398939004757
Haiti,HTI,2019,0.620,0.4601020003392864
Honduras,HND,2000,0.550,0.24209979430678139
Honduras,HND,2005,0.510,0.31644034584436004
Honduras,HND,2010,0.520,0.4217959877957855
Honduras,HND,2015,0.475,0.5306372992867553
Honduras,HND,2019,0.479,0.5894940346468808
Hungary,HUN,1995,0.322,0.32117963823668066
Hungary,HUN,2000,0.288,0.333164590603772
Hungary,HUN,2005,0.260,0.37753865526809527
Hungary,HUN,2010,0.255,0.41908575189123687
Hungary,HUN,2015,0.261,0.4538889398632551
Hungary,HUN,2019,0.258,0.5003796711415129
Iceland,ISL,1995,0.184,0.2608922391314654
Iceland,ISL,2000,0.148,0.31797278718058125
Iceland,ISL,2005,0.125,0.34537524297160194
Iceland,ISL,2010,0.099,0.3941829042810411
Iceland,ISL,2015,0.075,0.4650832029583274
Iceland,ISL,2019,0.057,0.5073484094249276
India,IND,1995,0.696,0.17369116467879406
India,IND,2005,0.629,0.21628610152138683
India,IND,2010,0.600,0.2697275775913913
India,IND,2015,0.551,0.31700056381925096
India,IND,2019,0.501,0.34651904002134437
Indonesia,IDN,1995,0.580,0.18646999597616762
Indonesia,IDN,2000,0.561,0.23867304420568136
Indonesia,IDN,2005,0.539,0.276846947887841
Indonesia,IDN,2010,0.486,0.3357431471310781
Indonesia,IDN,2015,0.467,0.3984229400801943
Indonesia,IDN,2019,0.451,0.450241253459084
Iran (Islamic Republic of),IRN,1995,0.661,0.25117686591524413
Iran (Islamic Republic of),IRN,2000,0.596,0.2877482286526239
Iran (Islamic Republic of),IRN,2005,0.511,0.3045588432957622
Iran (Islamic Republic of),IRN,2010,0.529,0.3511495996466906
Iran (Islamic Republic of),IRN,2015,0.528,0.41820849094644674
Iran (Islamic Republic of),IRN,2019,0.492,0.46052343554983777
Iraq,IRQ,1995,0.693,0.28051036575950494
Iraq,IRQ,2000,0.652,0.2433669269375989
Iraq,IRQ,2010,0.556,0.6041724653089566
Iraq,IRQ,2015,0.549,0.3896628607902939
Iraq,IRQ,2019,0.540,0.4890613428327798
Ireland,IRL,1995,0.203,0.5855836884807364
Ireland,IRL,2000,0.198,0.5621972166890916
Ireland,IRL,2005,0.191,0.5243297906334132
Ireland,IRL,2010,0.170,0.49200596965953597
Ireland,IRL,2015,0.129,0.4973683791688755
Ireland,IRL,2019,0.093,0.544076435148513
Israel,ISR,1995,0.244,0.3967264519442605
Israel,ISR,2000,0.197,0.4123048643680647
Israel,ISR,2005,0.173,0.42313649695216726
Israel,ISR,2010,0.149,0.440236798356468
Israel,ISR,2015,0.114,0.4455134010028789
Israel,ISR,2019,0.100,0.48469596010109883
Italy,ITA,1995,0.198,0.5016191881348129
Italy,ITA,2000,0.178,0.4797894714269422
Italy,ITA,2005,0.176,0.41774566513428363
Italy,ITA,2010,0.125,0.399763530626163
Italy,ITA,2015,0.087,0.4143142924259945
Italy,ITA,2019,0.069,0.46553827648981716
Jamaica,JAM,1995,0.479,0.3551256006862156
Jamaica,JAM,2000,0.470,0.4257039245882841
Jamaica,JAM,2005,0.469,0.4528456257802508
Jamaica,JAM,2010,0.455,0.506364866190648
Jamaica,JAM,2015,0.423,0.5318378320481791
Jamaica,JAM,2019,0.405,0.5736678244605637
Japan,JPN,1995,0.156,0.3999322884132123
Japan,JPN,2000,0.135,0.44080362209305096
Japan,JPN,2005,0.146,0.451979610229218
Japan,JPN,2010,0.121,0.48347384282328704
Japan,JPN,2015,0.121,0.5055838216991794
Japan,JPN,2019,0.099,0.5483529871777143
Jordan,JOR,1995,0.673,0.17027143835171096
Jordan,JOR,2000,0.632,0.18134137028495226
Jordan,JOR,2005,0.560,0.2053642572385473
Jordan,JOR,2010,0.494,0.2708467994344556
Jordan,JOR,2015,0.493,0.3244485751112029
Jordan,JOR,2019,0.469,0.36214090928214365
Kazakhstan,KAZ,1995,0.447,0.4338852208178227
Kazakhstan,KAZ,2000,0.404,0.4747264258646735
Kazakhstan,KAZ,2005,0.360,0.4949067390122846
Kazakhstan,KAZ,2010,0.268,0.5050845231922313
Kazakhstan,KAZ,2015,0.212,0.5204198535695268
Kazakhstan,KAZ,2019,0.203,0.534290979074977
Kenya,KEN,1995,0.706,0.27082599816914305
Kenya,KEN,2000,0.695,0.3106633145362812
Kenya,KEN,2005,0.654,0.35597987960497646
Kenya,KEN,2010,0.614,0.4304436116984529
Kenya,KEN,2015,0.560,0.4873048529129087
Kenya,KEN,2019,0.545,0.5294507238736519
Kuwait,KWT,1995,0.577,0.20222804335336106
Kuwait,KWT,2000,0.576,0.22934336991557197
Kuwait,KWT,2005,0.367,0.2529092130761216
Kuwait,KWT,2010,0.215,0.31789543387443886
Kuwait,KWT,2015,0.308,0.35937910819838154
Kuwait,KWT,2019,0.245,0.392371288623151
Kyrgyzstan,KGZ,1995,0.512,0.37614921937192125
Kyrgyzstan,KGZ,2000,0.476,0.3884715796277728
Kyrgyzstan,KGZ,2005,0.677,0.44628587398952807
Kyrgyzstan,KGZ,2010,0.365,0.4952640439541226
Kyrgyzstan,KGZ,2015,0.400,0.5102090284501748
Kyrgyzstan,KGZ,2019,0.381,0.5204783242755663
Lao People's Democratic Republic,LAO,2000,0.690,0.24626178700760337
Lao People's Democratic Republic,LAO,2005,0.677,0.3526139652005814
Lao People's Democratic Republic,LAO,2010,0.660,0.47882310320303717
Lao People's Democratic Republic,LAO,2015,0.660,0.5158303353887133
Lao People's Democratic Republic,LAO,2019,0.651,0.5573801403676522
Latvia,LVA,1995,0.411,0.37208175305520436
Latvia,LVA,2000,0.276,0.39044006983324303
Latvia,LVA,2005,0.217,0.4491421347299982
Latvia,LVA,2010,0.208,0.47005598699656853
Latvia,LVA,2015,0.199,0.5171422551321414
Latvia,LVA,2019,0.169,0.5516495093612667
Lebanon,LBN,2010,0.412,0.3412536515675975
Lebanon,LBN,2015,0.402,0.3726020484316917
Lebanon,LBN,2019,0.362,0.4083358802499058
Lesotho,LSO,1995,0.577,0.12440423912407049
Lesotho,LSO,2000,0.589,0.15620937994027753
Lesotho,LSO,2005,0.583,0.21539024533052287
Lesotho,LSO,2010,0.565,0.3297441302183969
Lesotho,LSO,2015,0.547,0.43382516540781074
Lesotho,LSO,2019,0.546,0.4846243925288366
Libya,LBY,2005,0.300,0.26232930570476115
Libya,LBY,2010,0.246,0.33535268514724287
Libya,LBY,2015,0.174,0.40500924767146956
Libya,LBY,2019,0.172,0.4540163689322539
Lithuania,LTU,1995,0.326,0.3140884561873282
Lithuania,LTU,2000,0.281,0.3228606591360863
Lithuania,LTU,2005,0.185,0.3814523543032629
Lithuania,LTU,2010,0.168,0.4810782287786596
Lithuania,LTU,2015,0.133,0.5129305188431115
Lithuania,LTU,2019,0.124,0.5514017006897478
Luxembourg,LUX,1995,0.200,0.24713131045448522
Luxembourg,LUX,2000,0.175,0.26221014972836887
Luxembourg,LUX,2005,0.156,0.3515966609248708
Luxembourg,LUX,2010,0.132,0.4406254140718166
Luxembourg,LUX,2015,0.077,0.47849476613223796
Luxembourg,LUX,2019,0.078,0.5075659202332052
Malawi,MWI,1995,0.717,0.19089421675535603
Malawi,MWI,2000,0.691,0.234216940232513
Malawi,MWI,2005,0.654,0.28466665228738436
Malawi,MWI,2010,0.623,0.3209918007277971
Malawi,MWI,2015,0.624,0.3618988047735109
Malawi,MWI,2019,0.615,0.3823646318955078
Malaysia,MYS,1995,0.390,0.2729866175079415
Malaysia,MYS,2000,0.335,0.3922515809052925
Malaysia,MYS,2005,0.324,0.4433976114447953
Malaysia,MYS,2010,0.309,0.5094901676629833
Malaysia,MYS,2015,0.286,0.5737197360678467
Malaysia,MYS,2019,0.274,0.5659019359207966
Maldives,MDV,1995,0.649,0.1546020307893875
Maldives,MDV,2000,0.536,0.16966917785784474
Maldives,MDV,2005,0.431,0.30003275466754015
Maldives,MDV,2010,0.424,0.47133966590239107
Maldives,MDV,2015,0.384,0.518178840484769
Maldives,MDV,2019,0.367,0.5348837209302325
Mali,MLI,1995,0.711,0.2916193563690994
Mali,MLI,2000,0.709,0.2709488416225192
Mali,MLI,2005,0.707,0.30879101763264016
Mali,MLI,2010,0.669,0.34211907962362614
Mali,MLI,2015,0.678,0.4205835375978493
Mali,MLI,2019,0.676,0.4308065153791413
Malta,MLT,1995,0.334,0.48874812168764675
Malta,MLT,2000,0.320,0.47295680106535176
Malta,MLT,2005,0.305,0.4541151911604596
Malta,MLT,2010,0.272,0.4491843400487686
Malta,MLT,2015,0.197,0.4767809100479588
Malta,MLT,2019,0.195,0.5119087252670128
Mauritius,MUS,1995,0.479,0.32985388438176955
Mauritius,MUS,2000,0.453,0.3488138724886378
Mauritius,MUS,2005,0.369,0.37639107165611857
Mauritius,MUS,2010,0.382,0.4284288323493183
Mauritius,MUS,2015,0.379,0.50413073949794
Mauritius,MUS,2019,0.369,0.54782737968823
Mexico,MEX,1995,0.512,0.27147928761332696
Mexico,MEX,2000,0.492,0.3721479109589564
Mexico,MEX,2005,0.430,0.418848630463189
Mexico,MEX,2010,0.401,0.48716185869694406
Mexico,MEX,2015,0.352,0.4718293501505318
Mexico,MEX,2019,0.334,0.467823900249725
Mongolia,MNG,1995,0.502,0.2016927933812323
Mongolia,MNG,2000,0.452,0.22832299150881777
Mongolia,MNG,2005,0.412,0.3076420640104507
Mongolia,MNG,2010,0.406,0.4094137818419334
Mongolia,MNG,2015,0.321,0.47445841497931635
Mongolia,MNG,2019,0.322,0.5216906161550185
Montenegro,MNE,2010,0.216,0.5300603232489592
Montenegro,MNE,2015,0.159,0.5439810730087773
Montenegro,MNE,2019,0.119,0.5310798711186924
Morocco,MAR,1995,0.721,0.26900109659577004
Morocco,MAR,2000,0.706,0.30061966111077276
Morocco,MAR,2005,0.586,0.3521060920534593
Morocco,MAR,2010,0.564,0.40878724288272994
Morocco,MAR,2015,0.504,0.4468087277416409
Morocco,MAR,2019,0.492,0.4748502025943944
Mozambique,MOZ,2000,0.634,0.24989737679294585
Mozambique,MOZ,2005,0.623,0.24943951940762726
Mozambique,MOZ,2010,0.605,0.2802856872202531
Mozambique,MOZ,2015,0.572,0.3289942136299407
Mozambique,MOZ,2019,0.569,0.35557658454178737
Myanmar,MMR,2010,0.517,0.29369272155594095
Myanmar,MMR,2015,0.443,0.3367148068697371
Myanmar,MMR,2019,0.459,0.3716446563185233
Namibia,NAM,1995,0.548,0.06775950694320129
Namibia,NAM,2000,0.545,0.12542771654348772
Namibia,NAM,2005,0.527,0.1704319361685804
Namibia,NAM,2010,0.514,0.2596578267652098
Namibia,NAM,2015,0.477,0.47690458532593405
Namibia,NAM,2019,0.460,0.5339692606705367
Nepal,NPL,1995,0.709,0.1761268664422823
Nepal,NPL,2000,0.669,0.19802578495154383
Nepal,NPL,2005,0.651,0.22037671023084288
Nepal,NPL,2010,0.534,0.26122359501593617
Nepal,NPL,2015,0.499,0.3505669118792455
Nepal,NPL,2019,0.476,0.38773079474429456
Netherlands,NLD,1995,0.114,0.37640975862424075
Netherlands,NLD,2000,0.096,0.386253215641451
Netherlands,NLD,2005,0.083,0.40486442559951386
Netherlands,NLD,2010,0.054,0.4408439229857059
Netherlands,NLD,2015,0.048,0.45704677936238786
Netherlands,NLD,2019,0.041,0.4940877060789006
New Zealand,NZL,1995,0.222,0.26702585735549716
New Zealand,NZL,2000,0.190,0.3143471722095502
New Zealand,NZL,2005,0.188,0.35365616754341617
New Zealand,NZL,2010,0.186,0.4181766955743127
New Zealand,NZL,2015,0.156,0.4666687250660296
New Zealand,NZL,2019,0.133,0.4946603834026113
Nicaragua,NIC,1995,0.629,0.3246102816808593
Nicaragua,NIC,2000,0.606,0.37608019154591316
Nicaragua,NIC,2005,0.542,0.3317317478564577
Nicaragua,NIC,2010,0.520,0.4730202895154972
Nicaragua,NIC,2015,0.469,0.5074004378610706
Nicaragua,NIC,2019,0.455,0.5374356571211001
Niger,NER,1995,0.801,0.16355411262955835
Niger,NER,2000,0.797,0.1948821495171205
Niger,NER,2005,0.701,0.29735617560431515
Niger,NER,2015,0.667,0.3923834752883708
Niger,NER,2019,0.647,0.40938571353880093
North Macedonia,MKD,2015,0.162,0.4115522039789507
North Macedonia,MKD,2019,0.145,0.4690899092157554
Norway,NOR,1995,0.121,0.4246995097263957
Norway,NOR,2000,0.108,0.45965621540408036
Norway,NOR,2005,0.085,0.4812045310770204
Norway,NOR,2010,0.075,0.4970000395381939
Norway,NOR,2015,0.054,0.5232929384785703
Norway,NOR,2019,0.044,0.5694784912225209
Oman,OMN,2005,0.391,0.3374233128834356
Oman,OMN,2010,0.328,0.37078471470387747
Oman,OMN,2015,0.317,0.4374674205060347
Oman,OMN,2019,0.304,0.46814226713180157
Pakistan,PAK,1995,0.768,0.21391921610410825
Pakistan,PAK,2005,0.604,0.23968831495191556
Pakistan,PAK,2010,0.578,0.2780900311361407
Pakistan,PAK,2015,0.551,0.3335093790762469
Pakistan,PAK,2019,0.547,0.3448894751086973
Panama,PAN,1995,0.521,0.4181754982713352
Panama,PAN,2000,0.506,0.429366818325709
Panama,PAN,2005,0.475,0.41284984513397927
Panama,PAN,2010,0.520,0.4435375247506316
Panama,PAN,2015,0.467,0.4761618055081406
Panama,PAN,2019,0.460,0.5145151979740172
Papua New Guinea,PNG,1995,0.673,0.009241258454040141
Papua New Guinea,PNG,2000,0.666,0.010382154559477197
Papua New Guinea,PNG,2005,0.682,0.010373027390633699
Papua New Guinea,PNG,2010,0.667,0.009766070662541187
Papua New Guinea,PNG,2015,0.597,0.4592335003605232
Papua New Guinea,PNG,2019,0.740,0.49006507671385413
Paraguay,PRY,1995,0.572,0.21672529192164638
Paraguay,PRY,2000,0.552,0.24328448277840112
Paraguay,PRY,2005,0.541,0.3525729718071034
Paraguay,PRY,2010,0.511,0.5012482246070042
Paraguay,PRY,2015,0.482,0.5516751220116608
Paraguay,PRY,2019,0.482,0.5729075602486353
Peru,PER,1995,0.480,0.18230375697327023
Peru,PER,2000,0.476,0.25453890489913544
Peru,PER,2005,0.467,0.35284615181238926
Peru,PER,2010,0.449,0.4867329402744362
Peru,PER,2015,0.430,0.5253033868281205
Peru,PER,2019,0.425,0.580585225920736
Poland,POL,1995,0.258,0.22124135790878538
Poland,POL,2000,0.205,0.2621488491640966
Poland,POL,2005,0.164,0.3548314194898341
Poland,POL,2010,0.170,0.4475524428348645
Poland,POL,2015,0.142,0.48326427905648434
Poland,POL,2019,0.120,0.5151841078843307
Portugal,PRT,1995,0.244,0.3553467735285433
Portugal,PRT,2000,0.209,0.36998182446222944
Portugal,PRT,2005,0.183,0.32108913385563465
Portugal,PRT,2010,0.141,0.3613663991573056
Portugal,PRT,2015,0.099,0.4753748633414641
Portugal,PRT,2019,0.081,0.5077860690184032
Qatar,QAT,2010,0.580,0.06122984058916752
Qatar,QAT,2015,0.539,0.4765020508995991
Qatar,QAT,2019,0.202,0.5094562785494546
Republic of Korea,KOR,1995,0.277,0.4085501107241636
Republic of Korea,KOR,2000,0.191,0.45526330297990425
Republic of Korea,KOR,2005,0.107,0.47352635786417224
Republic of Korea,KOR,2010,0.098,0.5401019029854175
Republic of Korea,KOR,2015,0.068,0.48026261382535906
Republic of Korea,KOR,2019,0.058,0.5002774995635354
Republic of Moldova,MDA,1995,0.479,0.3178997391991648
Republic of Moldova,MDA,2000,0.420,0.29949270635878417
Republic of Moldova,MDA,2005,0.295,0.36834096921602855
Republic of Moldova,MDA,2010,0.286,0.4378493749364773
Republic of Moldova,MDA,2015,0.240,0.4838669570374288
Republic of Moldova,MDA,2019,0.228,0.5323889376239002
Romania,ROU,1995,0.471,0.14487261230286436
Romania,ROU,2005,0.352,0.3135436859779769
Romania,ROU,2010,0.365,0.4997990368322383
Romania,ROU,2015,0.346,0.5084281377543738
Romania,ROU,2019,0.316,0.5314000751232789
Russian Federation,RUS,1995,0.467,0.6313115634574519
Russian Federation,RUS,2000,0.423,0.5898730569787685
Russian Federation,RUS,2005,0.359,0.5634546878179593
Russian Federation,RUS,2010,0.316,0.548250309887373
Russian Federation,RUS,2015,0.280,0.5470729999814139
Russian Federation,RUS,2019,0.255,0.5647041498935113
Rwanda,RWA,1995,0.583,1.7651866300565464
Rwanda,RWA,2000,0.554,0.27232288494997825
Rwanda,RWA,2005,0.487,0.24566217648977817
Rwanda,RWA,2010,0.446,0.29033513212266204
Rwanda,RWA,2015,0.415,0.5186103332970857
Rwanda,RWA,2019,0.412,0.5135520878642889
Saint Lucia,LCA,2015,0.341,0.5305714959515762
Saint Lucia,LCA,2019,0.333,0.5728637685716532
Samoa,WSM,2000,0.471,0.38560163340112374
Samoa,WSM,2005,0.459,0.4050786556594294
Samoa,WSM,2010,0.418,0.4289366012073664
Samoa,WSM,2015,0.409,0.4773036020031671
Samoa,WSM,2019,0.364,0.5082112167712998
Sao Tome and Principe,STP,2010,0.548,0.4483019479642288
Sao Tome and Principe,STP,2015,0.540,0.5144138545916299
Sao Tome and Principe,STP,2019,0.547,0.5303812174100991
Saudi Arabia,SAU,2005,0.671,0.24729455129719768
Saudi Arabia,SAU,2010,0.633,0.2817345926130955
Saudi Arabia,SAU,2015,0.254,0.41328049579077414
Saudi Arabia,SAU,2019,0.224,0.45962586159174224
Senegal,SEN,1995,0.646,0.21399851241881324
Senegal,SEN,2000,0.641,0.2376893320511504
Senegal,SEN,2005,0.628,0.2878267310247816
Senegal,SEN,2010,0.583,0.3245447783721878
Senegal,SEN,2015,0.531,0.34720393866684096
Senegal,SEN,2019,0.523,0.38252932371073706
Serbia,SRB,2010,0.221,0.44505068465046793
Serbia,SRB,2015,0.184,0.4446729827403904
Serbia,SRB,2019,0.162,0.5114010215837178
Sierra Leone,SLE,2000,0.696,1.3591623820162264
Sierra Leone,SLE,2005,0.670,0.3920054301931567
Sierra Leone,SLE,2010,0.665,0.3409744417483512
Sierra Leone,SLE,2015,0.653,0.4622826052099924
Sierra Leone,SLE,2019,0.644,0.504826244508343
Singapore,SGP,1995,0.250,0.25918632667255564
Singapore,SGP,2000,0.274,0.2986198132947519
Singapore,SGP,2005,0.168,0.35610460424180707
Singapore,SGP,2010,0.099,0.42218511464383085
Singapore,SGP,2015,0.068,0.4730521700596623
Singapore,SGP,2019,0.065,0.5234438050071754
Slovakia,SVK,1995,0.248,0.2789665676356662
Slovakia,SVK,2000,0.219,0.36542439171148133
Slovakia,SVK,2005,0.189,0.41527642377554
Slovakia,SVK,2010,0.195,0.40980609402255824
Slovakia,SVK,2015,0.186,0.4747557733530431
Slovakia,SVK,2019,0.190,0.5355021797427123
Slovenia,SVN,1995,0.246,0.41424728815052203
Slovenia,SVN,2005,0.139,0.4519252268061493
Slovenia,SVN,2010,0.126,0.4651372355057489
Slovenia,SVN,2015,0.063,0.5179649441369171
Slovenia,SVN,2019,0.069,0.5388805702167447
South Africa,ZAF,1995,0.422,0.23947581921438368
South Africa,ZAF,2000,0.416,0.31036343637710845
South Africa,ZAF,2005,0.421,0.37280939508926136
South Africa,ZAF,2010,0.432,0.45704043531356375
South Africa,ZAF,2015,0.427,0.47462712269327834
South Africa,ZAF,2019,0.422,0.5181621171936488
Spain,ESP,1995,0.157,0.5031413025574729
Spain,ESP,2000,0.119,0.48582503657586257
Spain,ESP,2005,0.117,0.41784445327217284
Spain,ESP,2010,0.115,0.41320551274722445
Spain,ESP,2015,0.084,0.4788482859519621
Spain,ESP,2019,0.074,0.5387752587993151
Sri Lanka,LKA,1995,0.471,0.24613969842907407
Sri Lanka,LKA,2005,0.439,0.2896166616359795
Sri Lanka,LKA,2010,0.408,0.3439925711016304
Sri Lanka,LKA,2015,0.398,0.35679660856598383
Sri Lanka,LKA,2019,0.380,0.41323359808263244
Sudan,SDN,1995,0.720,0.1644368628446452
Sudan,SDN,2005,0.666,0.2669521364413536
Sudan,SDN,2010,0.625,0.25848360272133913
Sudan,SDN,2015,0.579,0.40764172334489684
Sudan,SDN,2019,0.560,0.44835595970426534
Suriname,SUR,2005,0.517,0.32003673996557397
Suriname,SUR,2010,0.534,0.3408623502716538
Suriname,SUR,2015,0.468,0.5246542641735751
Suriname,SUR,2019,0.465,0.5417421260539719
Sweden,SWE,1995,0.090,0.3651324807461316
Sweden,SWE,2000,0.061,0.4092616406415601
Sweden,SWE,2005,0.052,0.4253910831625804
Sweden,SWE,2010,0.050,0.4812689889069455
Sweden,SWE,2015,0.045,0.5144633646576697
Sweden,SWE,2019,0.040,0.5547996891118491
Switzerland,CHE,1995,0.117,0.274828036646288
Switzerland,CHE,2000,0.094,0.296496301831726
Switzerland,CHE,2005,0.073,0.3938210875027214
Switzerland,CHE,2010,0.062,0.49376430576231695
Switzerland,CHE,2015,0.047,0.5079406174793615
Switzerland,CHE,2019,0.037,0.5402370711213365
Syrian Arab Republic,SYR,1995,0.569,0.03435293105014055
Syrian Arab Republic,SYR,2000,0.548,0.036490552123342304
Syrian Arab Republic,SYR,2005,0.544,0.042762147317749355
Syrian Arab Republic,SYR,2010,0.549,0.051285399220156735
Syrian Arab Republic,SYR,2015,0.559,0.3284804970494799
Syrian Arab Republic,SYR,2019,0.547,0.41208223355203133
Tajikistan,TJK,1995,0.583,0.4443732764286515
Tajikistan,TJK,2000,0.438,0.4048187250296425
Tajikistan,TJK,2005,0.376,0.4322905082121015
Tajikistan,TJK,2010,0.367,0.4149649056206195
Tajikistan,TJK,2015,0.384,0.43367856324597504
Tajikistan,TJK,2019,0.377,0.4249890042628341
Thailand,THA,1995,0.400,0.25402134456862385
Thailand,THA,2000,0.397,0.3305369275545304
Thailand,THA,2005,0.348,0.396627256231871
Thailand,THA,2010,0.319,0.4823172590648738
Thailand,THA,2015,0.378,0.5788167851005618
Thailand,THA,2019,0.377,0.6441493590453663
Togo,TGO,1995,0.736,0.2958748483738498
Togo,TGO,2000,0.663,0.25082048384157624
Togo,TGO,2005,0.633,0.35657316617489787
Togo,TGO,2010,0.607,0.3810247810969358
Togo,TGO,2015,0.573,0.4722820955056076
Togo,TGO,2019,0.566,0.505484310950031
Tonga,TON,1995,0.683,0.2617656147139038
Tonga,TON,2000,0.677,0.31905203337229454
Tonga,TON,2005,0.488,0.33198984321470315
Tonga,TON,2010,0.681,0.35525909206937784
Tonga,TON,2015,0.672,0.47499093144169924
Tonga,TON,2019,0.418,0.5077452205339029
Trinidad and Tobago,TTO,1995,0.426,0.4230550636546377
Trinidad and Tobago,TTO,2005,0.353,0.5492934574519001
Trinidad and Tobago,TTO,2010,0.354,0.604485737532306
Trinidad and Tobago,TTO,2015,0.334,0.5418032688810185
Trinidad and Tobago,TTO,2019,0.324,0.5910159615200536
Tunisia,TUN,1995,0.530,0.23975268472097716
Tunisia,TUN,2000,0.429,0.25186759188552077
Tunisia,TUN,2005,0.339,0.30693188623398787
Tunisia,TUN,2010,0.313,0.3129758132248255
Tunisia,TUN,2015,0.297,0.40952247443166795
Tunisia,TUN,2019,0.300,0.43881123395715516
Turkey,TUR,1995,0.631,0.3819220966307298
Turkey,TUR,2000,0.591,0.39722496336318386
Turkey,TUR,2005,0.564,0.3735644079378862
Turkey,TUR,2010,0.425,0.36704578864844145
Turkey,TUR,2015,0.333,0.4422626966357111
Turkey,TUR,2019,0.305,0.4790795835526962
Uganda,UGA,1995,0.652,0.2504806442878505
Uganda,UGA,2000,0.647,0.35827150381454004
Uganda,UGA,2005,0.597,0.38111520359860723
Uganda,UGA,2010,0.569,0.492604268856019
Uganda,UGA,2015,0.536,0.5110898549699232
Uganda,UGA,2019,0.531,0.5113796702093065
Ukraine,UKR,1995,0.480,0.5021268187600649
Ukraine,UKR,2000,0.385,0.5046509385506045
Ukraine,UKR,2005,0.372,0.5100487759247607
Ukraine,UKR,2010,0.337,0.5072852079123996
Ukraine,UKR,2015,0.298,0.534812602534423
Ukraine,UKR,2019,0.284,0.549483508660383
United Arab Emirates,ARE,1995,0.644,0.26247377010958267
United Arab Emirates,ARE,2000,0.609,0.2905948032434393
United Arab Emirates,ARE,2005,0.592,0.31038056008911685
United Arab Emirates,ARE,2010,0.231,0.3579829538094868
United Arab Emirates,ARE,2015,0.178,0.41976891790368126
United Arab Emirates,ARE,2019,0.113,0.47110826144400403
United Kingdom,GBR,1995,0.237,0.4366509645150711
United Kingdom,GBR,2000,0.215,0.45216980218470276
United Kingdom,GBR,2005,0.206,0.48144677494585963
United Kingdom,GBR,2010,0.183,0.5177204761265385
United Kingdom,GBR,2015,0.146,0.4630048949730503
United Kingdom,GBR,2019,0.119,0.4920488851690691
United Republic of Tanzania,TZA,1995,0.653,0.33950237179467346
United Republic of Tanzania,TZA,2005,0.594,0.3599310585970982
United Republic of Tanzania,TZA,2015,0.544,0.47058696116321597
United Republic of Tanzania,TZA,2019,0.539,0.5008215414035208
United States of America,USA,1995,0.305,0.29032683816471494
United States of America,USA,2005,0.263,0.35986362166695296
United States of America,USA,2010,0.254,0.4202228430550363
United States of America,USA,2015,0.219,0.46513814652777075
United States of America,USA,2019,0.182,0.4969893327338311
Uruguay,URY,1995,0.438,0.18853433400848385
Uruguay,URY,2000,0.389,0.18979412382249908
Uruguay,URY,2005,0.375,0.2408471849696656
Uruguay,URY,2010,0.327,0.2795675668848934
Uruguay,URY,2015,0.288,0.5086046170191605
Uruguay,URY,2019,0.275,0.5398925547684938
Uzbekistan,UZB,2015,0.303,0.4771952637074689
Uzbekistan,UZB,2019,0.303,0.48397568505139876
Venezuela (Bolivarian Republic of),VEN,1995,0.537,0.05374516822897237
Venezuela (Bolivarian Republic of),VEN,2005,0.475,0.09682750081356309
Venezuela (Bolivarian Republic of),VEN,2010,0.475,0.12394455071474494
Venezuela (Bolivarian Republic of),VEN,2015,0.470,0.15437458825770503
Venezuela (Bolivarian Republic of),VEN,2019,0.458,0.5170280738794657
Viet Nam,VNM,1995,0.382,0.2855928231258807
Viet Nam,VNM,2000,0.347,0.3417428167546836
Viet Nam,VNM,2005,0.317,0.38053819104202236
Viet Nam,VNM,2010,0.324,0.43152900534062805
Viet Nam,VNM,2015,0.333,0.465382789719943
Viet Nam,VNM,2019,0.314,0.5103518912768251
Yemen,YEM,2000,0.818,0.14639834018349493
Yemen,YEM,2005,0.813,0.17169160861779253
Yemen,YEM,2010,0.821,0.22524514637782914
Yemen,YEM,2015,0.841,0.3028234236082076
Yemen,YEM,2019,0.834,0.3506662143719283
Zambia,ZMB,1995,0.644,0.14837138273773187
Zambia,ZMB,2000,0.653,0.1684793961309059
Zambia,ZMB,2005,0.620,0.19112245911979023
Zambia,ZMB,2010,0.587,0.22171949372017513
Zambia,ZMB,2015,0.571,0.46538846085984825
Zambia,ZMB,2019,0.540,0.5320886577825008
Zimbabwe,ZWE,1995,0.595,0.14988743153245207
Zimbabwe,ZWE,2000,0.627,0.1824176836386927
Zimbabwe,ZWE,2005,0.588,0.26187217106122823
Zimbabwe,ZWE,2010,0.578,0.37440850679159515
Zimbabwe,ZWE,2015,0.540,0.44753838145608543
Zimbabwe,ZWE,2019,0.525,0.4983441403346422
