pays,id,date,chomage,pop
Afghanistan,AFG,1990,2.9760000705719,0.5497245153761895
Afghanistan,AFG,1995,3.65300011634827,0.20518731043274685
Afghanistan,AFG,2000,3.51699995994568,0.2216739373760855
Afghanistan,AFG,2005,2.94199991226196,0.1519690459411505
Afghanistan,AFG,2010,2.27500009536743,0.17322998706172896
Afghanistan,AFG,2015,1.67900002002716,0.144623333976393
Afghanistan,AFG,2019,1.51900005340576,0.1377569898257271
Albania,ALB,1990,16.7810001373291,0.054855224731648035
Albania,ALB,1995,17.6070003509521,0.15720701277125426
Albania,ALB,2000,17.7670001983643,0.2668843619689954
Albania,ALB,2005,16.8740005493164,0.3208494673893661
Albania,ALB,2010,14.0860004425049,0.38458528105358664
Albania,ALB,2015,17.0799999237061,0.3919334967888047
Albania,ALB,2019,13.956000328064,0.4211003720377229
Algeria,DZA,1990,20.6000003814697,0.03578289869792032
Algeria,DZA,1995,31.8400001525879,0.034067436000373465
Algeria,DZA,2000,29.7700004577637,0.03343986024202188
Algeria,DZA,2005,15.2700004577637,0.04826230227437188
Algeria,DZA,2010,9.96000003814697,0.046041416770585916
Algeria,DZA,2015,11.206000328064,0.046281535515546014
Algeria,DZA,2019,12.3489999771118,0.04605390363918108
Angola,AGO,1990,22.6019992828369,0.06962484172949801
Angola,AGO,1995,21.1480007171631,0.04938327909964184
Angola,AGO,2000,22.8850002288818,0.05570525473708505
Angola,AGO,2005,20.5319995880127,0.0368694388204513
Angola,AGO,2010,9.08899974822998,0.028260363416278456
Angola,AGO,2015,7.27899980545044,0.023118856394911545
Angola,AGO,2019,7.24599981307983,0.021473388856428036
Argentina,ARG,1990,5.44000005722046,0.013187823126100463
Argentina,ARG,1995,18.7999992370605,0.013839257130076027
Argentina,ARG,2000,15,0.01506848768918331
Argentina,ARG,2005,11.5059995651245,0.020785499555176234
Argentina,ARG,2010,7.71400022506714,0.022998837440586433
Argentina,ARG,2015,7.64300012588501,0.0219515845857803
Argentina,ARG,2019,9.98499965667725,0.022776162322257255
Armenia,ARM,1990,1.60000002384186,0.25426950817244276
Armenia,ARM,1995,6.69999980926514,0.28031534046052836
Armenia,ARM,2000,11.2530002593994,0.2855331540912128
Armenia,ARM,2005,10.8000001907349,0.30124286000357564
Armenia,ARM,2010,19.007999420166,0.31882109700036737
Armenia,ARM,2015,18.2609996795654,0.32369196524554505
Armenia,ARM,2019,17.7070007324219,0.32687033162407986
Australia,AUS,1990,9.57900047302246,0.01779632114666776
Australia,AUS,1995,8.4689998626709,0.019052180168216026
Australia,AUS,2000,6.28299999237061,0.020107554952226804
Australia,AUS,2005,5.03200006484985,0.021113175907584287
Australia,AUS,2010,5.21099996566772,0.022142771227887027
Australia,AUS,2015,6.05600023269653,0.022240347296008416
Australia,AUS,2019,5.32800006866455,0.02309725020465247
Austria,AUT,1990,3.42000007629395,0.06591532785871045
Austria,AUT,1995,4.34700012207031,0.06175538902891922
Austria,AUT,2000,4.68699979782104,0.05976746618576193
Austria,AUT,2005,5.62799978256226,0.06011148262804198
Austria,AUT,2010,4.82000017166138,0.06219381486294337
Austria,AUT,2015,5.72300004959106,0.0614913234858694
Austria,AUT,2019,4.63500022888184,0.06510089197095027
Azerbaijan,AZE,1990,0.899999976158142,0.22825548260930298
Azerbaijan,AZE,1995,7.19999980926514,0.22279908913467794
Azerbaijan,AZE,2000,11.8000001907349,0.20233108863653307
Azerbaijan,AZE,2005,7.30000019073486,0.17232386184214446
Azerbaijan,AZE,2010,5.63000011444092,0.1286198694724249
Azerbaijan,AZE,2015,4.96000003814697,0.11791561724266973
Azerbaijan,AZE,2019,5.39599990844727,0.11625559954030915
Bahamas,BHS,1990,12.1700000762939,0.09828157503424752
Bahamas,BHS,1995,10.8299999237061,0.10595180310081946
Bahamas,BHS,2000,7.15299987792969,0.11555404947475433
Bahamas,BHS,2005,10.1999998092651,0.10732656321665707
Bahamas,BHS,2010,14.539999961853,0.10143629099965629
Bahamas,BHS,2015,12,0.11528943950658194
Bahamas,BHS,2019,11.5019998550415,0.1204932060989524
Bahrain,BHR,1990,0.97299998998642,0.025850370313612175
Bahrain,BHR,1995,1.12800002098083,0.04615245424403536
Bahrain,BHR,2000,1.05299997329712,0.07182848312772434
Bahrain,BHR,2005,0.986000001430511,0.0591083309715643
Bahrain,BHR,2010,1.12999999523163,0.04281304901439324
Bahrain,BHR,2015,1.07599997520447,0.042227618013909674
Bahrain,BHR,2019,0.967999994754791,0.03832770818107617
Bangladesh,BGD,1990,2.20000004768372,0.052842179322450764
Bangladesh,BGD,1995,2.48000001907349,0.04710474339960092
Bangladesh,BGD,2000,3.26999998092651,0.0426352302616649
Bangladesh,BGD,2005,4.25,0.0416214980482863
Bangladesh,BGD,2010,3.37899994850159,0.04574010050317997
Bangladesh,BGD,2015,4.41599988937378,0.046766294366313965
Bangladesh,BGD,2019,4.29300022125244,0.04855815777679074
Barbados,BRB,1990,22.4930000305176,0.32548594291320476
Barbados,BRB,1995,19.6599998474121,0.3381060705758493
Barbados,BRB,2000,9.35000038146973,0.35155700421707825
Barbados,BRB,2005,9.07999992370605,0.3383865982925779
Barbados,BRB,2010,10.6899995803833,0.3415009339633007
Barbados,BRB,2015,11.3500003814697,0.363309781161066
Barbados,BRB,2019,9.58800029754639,0.3939596917398418
Belarus,BLR,1990,0.600000023841858,0.17348179409166747
Belarus,BLR,1995,17.7000007629395,0.1703452030606239
Belarus,BLR,2000,11.9420003890991,0.1689096066880369
Belarus,BLR,2005,8.53499984741211,0.16362012703961076
Belarus,BLR,2010,6.06099987030029,0.1543783980394039
Belarus,BLR,2015,5.91300010681152,0.15513746815466506
Belarus,BLR,2019,5.79500007629395,0.1561132040382964
Belgium,BEL,1990,6.98600006103516,0.03665557414842959
Belgium,BEL,1995,9.33899974822998,0.03709529555202321
Belgium,BEL,2000,6.58599996566772,0.039025874893305695
Belgium,BEL,2005,8.4399995803833,0.041960976338766845
Belgium,BEL,2010,8.29199981689453,0.04471563071504369
Belgium,BEL,2015,8.48200035095215,0.04722704838553454
Belgium,BEL,2019,6.44099998474121,0.05093123241780735
Belize,BLZ,1990,8.07400035858154,0.19257059375533186
Belize,BLZ,1995,12.4799995422363,0.2027367210564207
Belize,BLZ,2000,10.5590000152588,0.1949457170005863
Belize,BLZ,2005,10.9099998474121,0.18284355179704018
Belize,BLZ,2010,11.6590003967285,0.1777903890046641
Belize,BLZ,2015,9.97000026702881,0.17525690363585486
Belize,BLZ,2019,9.49699974060059,0.17788869426294343
Benin,BEN,1990,1.48099994659424,0.04706521808996131
Benin,BEN,1995,1.2059999704361,0.046684157534309205
Benin,BEN,2000,0.815999984741211,0.04777881461723219
Benin,BEN,2005,0.805000007152557,0.06314692958416983
Benin,BEN,2010,1.03999996185303,0.058790822173829436
Benin,BEN,2015,2.46300005912781,0.06005322263187276
Benin,BEN,2019,2.02500009536743,0.0580195224260273
Bhutan,BTN,1990,1.29499995708466,0.053626197240412656
Bhutan,BTN,1995,1.32599997520447,0.22066327484942577
Bhutan,BTN,2000,1.70799994468689,0.2033548723311016
Bhutan,BTN,2005,3.09999990463257,0.18193911573067134
Bhutan,BTN,2010,3.3199999332428,0.12567997514234072
Bhutan,BTN,2015,2.45000004768372,0.06592056888810731
Bhutan,BTN,2019,2.18700003623962,0.06523911908101072
Bolivia (Plurinational State of),BOL,1990,2.89000010490417,0.03273097909609573
Bolivia (Plurinational State of),BOL,1995,3.28900003433228,0.037198560336736575
Bolivia (Plurinational State of),BOL,2000,3.3659999370575,0.04094822875595253
Bolivia (Plurinational State of),BOL,2005,3.25600004196167,0.05890001912848209
Bolivia (Plurinational State of),BOL,2010,2.57699990272522,0.0776322847285042
Bolivia (Plurinational State of),BOL,2015,3.06599998474121,0.07597484022142224
Bolivia (Plurinational State of),BOL,2019,3.26600003242493,0.07735400473278675
Bosnia and Herzegovina,BIH,1990,17.5499992370605,0.19307289495080346
Bosnia and Herzegovina,BIH,1995,21.2119998931885,0.3584528799571695
Bosnia and Herzegovina,BIH,2000,26.1870002746582,0.39899540837326747
Bosnia and Herzegovina,BIH,2005,30.4899997711182,0.397566375970665
Bosnia and Herzegovina,BIH,2010,27.3120002746582,0.4235020531797299
Bosnia and Herzegovina,BIH,2015,27.6499996185303,0.4683096938467545
Bosnia and Herzegovina,BIH,2019,21.2180004119873,0.497319888601712
Botswana,BWA,1990,13.8199996948242,0.020247039842829564
Botswana,BWA,1995,21.3880004882813,0.015872864616444344
Botswana,BWA,2000,15.8800001144409,0.016240155683506823
Botswana,BWA,2005,19.8320007324219,0.018507257606396165
Botswana,BWA,2010,17.8600006103516,0.02356795438590311
Botswana,BWA,2015,17.9559993743896,0.0365169122126678
Botswana,BWA,2019,18.1919994354248,0.03837451854953982
Brazil,BRA,1990,6.26000022888184,0.003358262928312631
Brazil,BRA,1995,6.42000007629395,0.004638127900045066
Brazil,BRA,2000,9.89400005340576,0.005552097444286681
Brazil,BRA,2005,9.56799983978271,0.006554940040086478
Brazil,BRA,2010,7.72599983215332,0.00775798272818345
Brazil,BRA,2015,8.4370002746582,0.007486529839725698
Brazil,BRA,2019,12.2180004119873,0.008332193429001848
Brunei Darussalam,BRN,1990,4.69999980926514,0.1017428040244124
Brunei Darussalam,BRN,1995,5.33799982070923,0.11797491871806781
Brunei Darussalam,BRN,2000,5.59999990463257,0.13579457626101182
Brunei Darussalam,BRN,2005,5.86899995803833,0.1240270162195917
Brunei Darussalam,BRN,2010,6.65799999237061,0.11288164550773712
Brunei Darussalam,BRN,2015,7.75600004196167,0.11001742559175912
Brunei Darussalam,BRN,2019,9.24499988555908,0.10951319697315846
Bulgaria,BGR,1990,12.1840000152588,0.0703226286717497
Bulgaria,BGR,1995,13.3369998931885,0.07727478260641986
Bulgaria,BGR,2000,16.2180004119873,0.08431058734136809
Bulgaria,BGR,2005,10.0830001831055,0.11836053193561746
Bulgaria,BGR,2010,10.2790002822876,0.1496408877766358
Bulgaria,BGR,2015,9.14299964904785,0.161010511158345
Bulgaria,BGR,2019,4.81899976730347,0.2195063477546818
Burkina Faso,BFA,1990,2.43899989128113,0.11591511280060887
Burkina Faso,BFA,1995,2.55599999427795,0.12048371645326138
Burkina Faso,BFA,2000,2.66400003433228,0.11021893458806048
Burkina Faso,BFA,2005,4,0.10186299585827076
Burkina Faso,BFA,2010,4.90899991989136,0.09190464957968864
Burkina Faso,BFA,2015,6.7039999961853,0.08382295386398614
Burkina Faso,BFA,2019,6.14900016784668,0.08004861394316948
Burundi,BDI,1990,1.55099999904633,0.0619821042894805
Burundi,BDI,1995,1.89199995994568,0.0902894801323458
Burundi,BDI,2000,2.10599994659424,0.11893546679341846
Burundi,BDI,2005,1.94799995422363,0.08411264189335795
Burundi,BDI,2010,1.79999995231628,0.03280314149957548
Burundi,BDI,2015,1.59200000762939,0.04547447202419678
Burundi,BDI,2019,1.53799998760223,0.05583694797616689
Cabo Verde,CPV,1990,10.3229999542236,0.2703595206391478
Cabo Verde,CPV,1995,11.1009998321533,0.2768869536403268
Cabo Verde,CPV,2000,11.7279996871948,0.29151681037301375
Cabo Verde,CPV,2005,11.2340002059937,0.3064129477012388
Cabo Verde,CPV,2010,10.6700000762939,0.3103131203643937
Cabo Verde,CPV,2015,12.1140003204346,0.3283931372119304
Cabo Verde,CPV,2019,12.3030004501343,0.34274238782419675
Cambodia,KHM,1990,2.33800005912781,0.03959959432224954
Cambodia,KHM,1995,2.53399991989136,0.03924648873728925
Cambodia,KHM,2000,2.45000004768372,0.037812913427699775
Cambodia,KHM,2005,1.47000002861023,0.0508134567947182
Cambodia,KHM,2010,1.37699997425079,0.06659830080772979
Cambodia,KHM,2015,1.19599997997284,0.06716549937776375
Cambodia,KHM,2019,1.01999998092651,0.06756293216691063
Cameroon,CMR,1990,7.25799989700317,0.009834646396529466
Cameroon,CMR,1995,8.02200031280518,0.010216773720682694
Cameroon,CMR,2000,7.61800003051758,0.010590600907763951
Cameroon,CMR,2005,4.40000009536743,0.012478818230673063
Cameroon,CMR,2010,4.1100001335144,0.01373800153097837
Cameroon,CMR,2015,3.53900003433228,0.015108053920343261
Cameroon,CMR,2019,3.33999991416931,0.015189776333399786
Canada,CAN,1990,10.3159999847412,0.036046297555557306
Canada,CAN,1995,9.48900032043457,0.03648282212280117
Canada,CAN,2000,6.8289999961853,0.03742778809563924
Canada,CAN,2005,6.75799989700317,0.03690640478482762
Canada,CAN,2010,8.05599975585938,0.03741632563482269
Canada,CAN,2015,6.9060001373291,0.036044150801385705
Canada,CAN,2019,6.05700016021729,0.035702316337018064
Central African Republic,CAF,1990,6.74100017547607,0.016518131037711447
Central African Republic,CAF,1995,7.18400001525879,0.015270013305794972
Central African Republic,CAF,2000,7.59100008010864,0.01522293950682159
Central African Republic,CAF,2005,7.32999992370605,0.032536793200841324
Central African Republic,CAF,2010,6.92600011825562,0.05606063507347551
Central African Republic,CAF,2015,6.75400018692017,0.15264145358399525
Central African Republic,CAF,2019,6.52199983596802,0.16455678570334115
Chad,TCD,1990,0.601999998092651,0.05647958530010135
Chad,TCD,1995,0.832000017166138,0.03182616051451147
Chad,TCD,2000,1.27699995040894,0.024662222729663053
Chad,TCD,2005,1.48800003528595,0.0208440774266035
Chad,TCD,2010,1.61899995803833,0.016924840881997995
Chad,TCD,2015,2.17199993133545,0.013616777012219212
Chad,TCD,2019,2.31900000572205,0.013335270737977372
Chile,CHL,1990,5.23000001907349,0.03714048979018086
Chile,CHL,1995,4.69999980926514,0.03471327804598138
Chile,CHL,2000,10.4910001754761,0.033372586330141146
Chile,CHL,2005,9.34000015258789,0.03350555200203971
Chile,CHL,2010,8.42399978637695,0.03344426643261002
Chile,CHL,2015,6.50799989700317,0.03449912748667133
Chile,CHL,2019,7.43200016021729,0.03471330267881741
China,CHN,1990,2.40000009536743,0.003727716627686236
China,CHN,1995,3,0.004175082478804503
China,CHN,2000,3.29999995231628,0.00466085558490312
China,CHN,2005,4.5,0.005620407756266683
China,CHN,2010,4.5,0.006528526095065803
China,CHN,2015,4.59999990463257,0.007410670060238328
China,CHN,2019,4.42399978637695,0.007705930797785644
China Hong Kong SAR,HKG,1990,1.79999995231628,0.09660443509510036
China Hong Kong SAR,HKG,1995,3.22000002861023,0.10058689754877276
China Hong Kong SAR,HKG,2000,4.92000007629395,0.10321770442610653
China Hong Kong SAR,HKG,2005,5.57999992370605,0.11793723947631068
China Hong Kong SAR,HKG,2010,4.30999994277954,0.13425998690242305
China Hong Kong SAR,HKG,2015,3.3199999332428,0.14298451579279414
China Hong Kong SAR,HKG,2019,2.75999999046326,0.14902133941752785
China Macao SAR,MAC,1990,3.00999999046326,0.2782017870439315
China Macao SAR,MAC,1995,3.59999990463257,0.25444796932917957
China Macao SAR,MAC,2000,6.80000019073486,0.2375906419624949
China Macao SAR,MAC,2005,4.09999990463257,0.238977090573212
China Macao SAR,MAC,2010,2.83999991416931,0.24303304045379298
China Macao SAR,MAC,2015,1.80999994277954,0.2341878638398233
China Macao SAR,MAC,2019,2.01900005340576,0.2563660082705862
Colombia,COL,1990,10.1199998855591,0.030509257965581228
Colombia,COL,1995,8.72000026702881,0.03343107979426842
Colombia,COL,2000,20.5200004577637,0.03624640827365796
Colombia,COL,2005,11.8699998855591,0.04426787333992016
Colombia,COL,2010,10.9840002059937,0.0558685129370869
Colombia,COL,2015,8.29899978637695,0.05689295143942319
Colombia,COL,2019,9.1879997253418,0.05778666645450932
Comoros,COM,1990,4.14699983596802,0.09738480152771907
Comoros,COM,1995,4.4689998626709,0.1078936629406345
Comoros,COM,2000,4.66599988937378,0.1299937126283979
Comoros,COM,2005,4.48299980163574,0.15721673503622305
Comoros,COM,2010,4.23099994659424,0.15813870539313202
Comoros,COM,2015,3.99000000953674,0.1492763279754677
Comoros,COM,2019,3.70300006866455,0.14453180379708816
Congo,COG,1990,20.3330001831055,0.04089213179069196
Congo,COG,1995,20.0310001373291,0.04272665525900477
Congo,COG,2000,20.1599998474121,0.043245675096749356
Congo,COG,2005,19.7959995269775,0.04757678851156917
Congo,COG,2010,14.1490001678467,0.042368132201114204
Congo,COG,2015,9.75899982452393,0.04669327927068972
Congo,COG,2019,10.3870000839233,0.04564844195567698
Costa Rica,CRI,1990,5.3730001449585,0.022347330428318223
Costa Rica,CRI,1995,5.17600011825562,0.02409256264359614
Costa Rica,CRI,2000,5.08199977874756,0.02667139783947595
Costa Rica,CRI,2005,6.57100009918213,0.027691738330771983
Costa Rica,CRI,2010,7.1710000038147,0.02906183408929741
Costa Rica,CRI,2015,8.99899959564209,0.028781072832152456
Costa Rica,CRI,2019,8.19099998474121,0.03008336332001918
Côte d'Ivoire,CIV,1990,6.56799983978271,0.03072132316333326
Côte d'Ivoire,CIV,1995,4.09999990463257,0.03165602353053523
Côte d'Ivoire,CIV,2000,4.67199993133545,0.03277142996747184
Côte d'Ivoire,CIV,2005,5.67199993133545,0.038235607872809926
Côte d'Ivoire,CIV,2010,6.75,0.04578065986621503
Côte d'Ivoire,CIV,2015,3.11299991607666,0.04544770950562046
Côte d'Ivoire,CIV,2019,2.4449999332428,0.04443706665250854
Croatia,HRV,1990,11.1400003433228,0.08913003980434415
Croatia,HRV,1995,10.1110000610352,0.15921022157864775
Croatia,HRV,2000,16.0639991760254,0.2030869891963435
Croatia,HRV,2005,12.5979995727539,0.19493613323913697
Croatia,HRV,2010,11.6199998855591,0.19144336523470193
Croatia,HRV,2015,16.1749992370605,0.1941591072803242
Croatia,HRV,2019,7.76900005340576,0.24209223847019123
Cuba,CUB,1990,7.59899997711182,0.07887109798285116
Cuba,CUB,1995,8.27000045776367,0.08591489249146694
Cuba,CUB,2000,5.44999980926514,0.09434841184458986
Cuba,CUB,2005,1.95000004768372,0.10323469651066786
Cuba,CUB,2010,2.5,0.11699097225043097
Cuba,CUB,2015,2.40000009536743,0.13312928523739223
Cuba,CUB,2019,2.25200009346008,0.1459396595807883
Cyprus,CYP,1990,2.03600001335144,0.22746489437331646
Cyprus,CYP,1995,3.51200008392334,0.19089109790585035
Cyprus,CYP,2000,4.96700000762939,0.16280571192316254
Cyprus,CYP,2005,5.30399990081787,0.15009117783862788
Cyprus,CYP,2010,6.26300001144409,0.1473613442961248
Cyprus,CYP,2015,14.9079999923706,0.1657308233956511
Cyprus,CYP,2019,7.91699981689453,0.18048794843874158
Czechia,CZE,1990,2.26999998092651,0.026831556643510262
Czechia,CZE,1995,4.02400016784668,0.03227925180103557
Czechia,CZE,2000,8.76200008392334,0.039099808553102015
Czechia,CZE,2005,7.92700004577637,0.059445319734691734
Czechia,CZE,2010,7.27899980545044,0.07468201072900527
Czechia,CZE,2015,5.0460000038147,0.07934148671081775
Czechia,CZE,2019,2.47399997711182,0.08577208361429535
Dem. People's Republic of Korea,PRK,1990,3.58100008964539,0.001960473766048225
Dem. People's Republic of Korea,PRK,1995,4.12799978256226,0.0024713320406056106
Dem. People's Republic of Korea,PRK,2000,4.25400018692017,0.0031581736288969356
Dem. People's Republic of Korea,PRK,2005,3.91799998283386,0.0036366044464130457
Dem. People's Republic of Korea,PRK,2010,3.65400004386902,0.00393399507821878
Dem. People's Republic of Korea,PRK,2015,3.54399991035461,0.004269564525781282
Dem. People's Republic of Korea,PRK,2019,3.30100011825562,0.0044273503463958
Democratic Republic of the Congo,COD,1990,2.54099988937378,0.012611975902130887
Democratic Republic of the Congo,COD,1995,3.01200008392334,0.013465288847469926
Democratic Republic of the Congo,COD,2000,3.04800009727478,0.018300305359256412
Democratic Republic of the Congo,COD,2005,2.84899997711182,0.020359197146024955
Democratic Republic of the Congo,COD,2010,3.94600009918213,0.01986517099800145
Democratic Republic of the Congo,COD,2015,4.17399978637695,0.019924533878778263
Democratic Republic of the Congo,COD,2019,4.27199983596802,0.020038696965296858
Denmark,DNK,1990,9.09899997711182,0.03924594320220489
Denmark,DNK,1995,6.99200010299683,0.039741673295597316
Denmark,DNK,2000,4.47599983215332,0.0408402027411709
Denmark,DNK,2005,4.82999992370605,0.041641079729388616
Denmark,DNK,2010,7.46400022506714,0.04225854289078882
Denmark,DNK,2015,6.16800022125244,0.04256122522052059
Denmark,DNK,2019,4.83099985122681,0.044091139443127196
Djibouti,DJI,1990,12.2320003509521,0.008990545360926019
Djibouti,DJI,1995,13.5150003433228,0.01104716460338712
Djibouti,DJI,2000,13.6359996795654,0.012618731744297531
Djibouti,DJI,2005,12.6969995498657,0.015753510355516857
Djibouti,DJI,2010,12.4770002365112,0.016462786152787796
Djibouti,DJI,2015,11.0939998626709,0.018677385931839742
Djibouti,DJI,2019,11.0299997329712,0.019467734534684852
Dominican Republic,DOM,1990,6.05700016021729,0.06535591114256212
Dominican Republic,DOM,1995,6.49100017547607,0.08636151281574811
Dominican Republic,DOM,2000,6.43200016021729,0.10597933899565369
Dominican Republic,DOM,2005,6.58699989318848,0.11250006457990579
Dominican Republic,DOM,2010,5.21199989318848,0.12228274407302395
Dominican Republic,DOM,2015,7.60500001907349,0.1417034959267357
Dominican Republic,DOM,2019,5.82800006866455,0.14666827888717263
Ecuador,ECU,1990,4.43100023269653,0.0209177383022899
Ecuador,ECU,1995,4.9210000038147,0.02847875952274617
Ecuador,ECU,2000,4.79899978637695,0.03520121995504657
Ecuador,ECU,2005,3.77900004386902,0.07139229878646856
Ecuador,ECU,2010,4.08799982070923,0.07678495877422047
Ecuador,ECU,2015,3.6159999370575,0.06975947476008541
Ecuador,ECU,2019,3.98099994659424,0.06928472637278651
Egypt,EGY,1990,9.38000011444092,0.02355376085729848
Egypt,EGY,1995,11.039999961853,0.023939474220455555
Egypt,EGY,2000,8.97999954223633,0.02482165121898078
Egypt,EGY,2005,11.1999998092651,0.02517970251114589
Egypt,EGY,2010,8.75699996948242,0.03155909889454888
Egypt,EGY,2015,13.0520000457764,0.034481882027763686
Egypt,EGY,2019,11.2930002212524,0.03604446677648789
El Salvador,SLV,1990,7.53000020980835,0.23568432275872905
El Salvador,SLV,1995,7.65000009536743,0.16581920903954803
El Salvador,SLV,2000,6.96000003814697,0.16122288014000152
El Salvador,SLV,2005,7.21999979019165,0.18494650554854883
El Salvador,SLV,2010,4.89300012588501,0.21628153867922623
El Salvador,SLV,2015,4,0.2394579141847654
El Salvador,SLV,2019,4.34600019454956,0.24930740113606772
Equatorial Guinea,GNQ,1990,8.44099998474121,0.08630495147761863
Equatorial Guinea,GNQ,1995,7.94299983978271,0.09343194408657562
Equatorial Guinea,GNQ,2000,8.0629997253418,0.09886815984004778
Equatorial Guinea,GNQ,2005,8.44499969482422,0.09583808628016037
Equatorial Guinea,GNQ,2010,8.23799991607666,0.08944098325736854
Equatorial Guinea,GNQ,2015,8.9069995880127,0.1001413696079304
Equatorial Guinea,GNQ,2019,9.21199989318848,0.09600649057964482
Eritrea,ERI,1990,6.7020001411438,0.07553307214521221
Eritrea,ERI,1995,6.87099981307983,0.17024510235357418
Eritrea,ERI,2000,6.86100006103516,0.22313053128228036
Eritrea,ERI,2005,6.71600008010864,0.1041933250526505
Eritrea,ERI,2010,6.89900016784668,0.10114037979015499
Estonia,EST,1990,1.46800005435944,0.07258914562693493
Estonia,EST,1995,9.65900039672852,0.09023871076418907
Estonia,EST,2000,13.3599996566772,0.10156372473577024
Estonia,EST,2005,8.03299999237061,0.11103467365429684
Estonia,EST,2010,16.7070007324219,0.12053474530126364
Estonia,EST,2015,6.18699979782104,0.14835104268108654
Estonia,EST,2019,5.88199996948242,0.15766486686188946
Eswatini,SWZ,1990,20.3519992828369,0.0427774130006566
Eswatini,SWZ,1995,21.6499996185303,0.03273700667104714
Eswatini,SWZ,2000,24.9090003967285,0.03393357104139005
Eswatini,SWZ,2005,28.2469997406006,0.043533780525316354
Eswatini,SWZ,2010,27.3090000152588,0.06480146726682112
Eswatini,SWZ,2015,23.6429996490479,0.08796841430232853
Eswatini,SWZ,2019,22.8540000915527,0.09521990580809037
Ethiopia,ETH,1990,2.89800000190735,0.03528983804143283
Ethiopia,ETH,1995,3.31699991226196,0.014311287278054087
Ethiopia,ETH,2000,3.44099998474121,0.006732990859436896
Ethiopia,ETH,2005,2.49699997901917,0.00684890983141281
Ethiopia,ETH,2010,2.39000010490417,0.00758579727394685
Ethiopia,ETH,2015,2.01399993896484,0.007748940853722308
Ethiopia,ETH,2019,1.78799998760223,0.007981236161365503
Fiji,FJI,1990,3.68799996376038,0.12375698797512398
Fiji,FJI,1995,4.14400005340576,0.13733758906406165
Fiji,FJI,2000,4.14599990844727,0.16265847601620703
Fiji,FJI,2005,3.88599991798401,0.19068918846548946
Fiji,FJI,2010,4.35200023651123,0.21273455545243294
Fiji,FJI,2015,4.5479998588562,0.23933978566173975
Fiji,FJI,2019,4.15100002288818,0.2519946620365078
Finland,FIN,1990,6.50299978256226,0.05028947557882582
Finland,FIN,1995,17.0049991607666,0.05654519860840011
Finland,FIN,2000,11.1339998245239,0.06105607404956021
Finland,FIN,2005,8.38399982452393,0.05773969824418005
Finland,FIN,2010,8.39400005340576,0.05414729445317033
Finland,FIN,2015,9.37600040435791,0.05271984043889888
Finland,FIN,2019,7.2519998550415,0.052555884778137205
France,FRA,1990,9.13399982452393,0.020878860606751218
France,FRA,1995,11.8360004425049,0.02273051452389854
France,FRA,2000,10.2170000076294,0.025538436281551405
France,FRA,2005,8.49300003051758,0.027315459444969607
France,FRA,2010,8.87100028991699,0.030109857971335117
France,FRA,2015,10.3590002059937,0.03206097135861852
France,FRA,2019,9.09899997711182,0.034283153968836216
French Polynesia,PYF,1990,11.4200000762939,0.01575248242915385
French Polynesia,PYF,1995,11.9530000686646,0.017191648591513772
French Polynesia,PYF,2000,11.7069997787476,0.017886374778757385
French Polynesia,PYF,2005,12.0729999542236,0.010530180075740012
French Polynesia,PYF,2010,13.0970001220703,0.005475596254527031
French Polynesia,PYF,2015,12.6899995803833,0.006711237386681507
French Polynesia,PYF,2019,11.9720001220703,0.0071377381796967005
Gabon,GAB,1990,16.9370002746582,0.01616871408590735
Gabon,GAB,1995,17.6180000305176,0.015314126233010676
Gabon,GAB,2000,17.6229991912842,0.014691132892637338
Gabon,GAB,2005,16.9099998474121,0.029693308182595506
Gabon,GAB,2010,20.3899993896484,0.02282315563929218
Gabon,GAB,2015,19.9860000610352,0.02230903749372332
Gabon,GAB,2019,19.6060009002686,0.022028287975840794
Gambia,GMB,1990,9.69999980926514,0.03796595412482092
Gambia,GMB,1995,10.2749996185303,0.0340119176838048
Gambia,GMB,2000,10.6260004043579,0.034475902384680006
Gambia,GMB,2005,9.66399955749512,0.03968670910470085
Gambia,GMB,2010,9.67800045013428,0.043441430830762504
Gambia,GMB,2015,9.53899955749512,0.04326848398262587
Gambia,GMB,2019,8.89799976348877,0.05196390336923524
Georgia,GEO,1990,2.70000004768372,0.19147313619325282
Georgia,GEO,1995,7.59999990463257,0.20466850533372322
Georgia,GEO,2000,10.8199996948242,0.23718246973177953
Georgia,GEO,2005,13.8100004196167,0.22770533218841713
Georgia,GEO,2010,17.4099998474121,0.21481899123113957
Georgia,GEO,2015,14.0799999237061,0.22595211737331677
Georgia,GEO,2019,14.246000289917,0.22857571696596088
Germany,DEU,1990,5.31699991226196,0.036879469873923605
Germany,DEU,1995,8.15799999237061,0.03728485147129674
Germany,DEU,2000,7.91699981689453,0.03935402814895452
Germany,DEU,2005,11.1669998168945,0.041788337015384924
Germany,DEU,2010,6.96600008010864,0.045579272785124116
Germany,DEU,2015,4.62400007247925,0.045982272419160586
Germany,DEU,2019,3.19899988174438,0.04840592774047805
Ghana,GHA,1990,4.64400005340576,0.02512387739023644
Ghana,GHA,1995,6.47200012207031,0.025159019979773194
Ghana,GHA,2000,10.3599996566772,0.02572248062851862
Ghana,GHA,2005,5.53900003433228,0.03052949482278921
Ghana,GHA,2010,5.32000017166138,0.030790868899154583
Ghana,GHA,2015,6.80600023269653,0.03252703263881321
Ghana,GHA,2019,6.78399991989136,0.03260729930499127
Greece,GRC,1990,7.6560001373291,0.10027261515190268
Greece,GRC,1995,9.0620002746582,0.09510570430100757
Greece,GRC,2000,11.2480001449585,0.09097015234770042
Greece,GRC,2005,9.99400043487549,0.0790028390924297
Greece,GRC,2010,12.7130002975464,0.0712928413938571
Greece,GRC,2015,24.8969993591309,0.0763621600935894
Greece,GRC,2019,18.0809993743896,0.09687632018440541
Guam,GUM,1990,3.5090000629425,0.010545515856593246
Guam,GUM,1995,7.90000009536743,0.011101874815369502
Guam,GUM,2000,15.3199996948242,0.018032691899130232
Guam,GUM,2005,7,0.01604146412292774
Guam,GUM,2010,8.19999980926514,0.013904568375103484
Guam,GUM,2015,6.90000009536743,0.01325276639913996
Guam,GUM,2019,5.85799980163574,0.013253462670720525
Guatemala,GTM,1990,2.61500000953674,0.03760136349902572
Guatemala,GTM,1995,2.89800000190735,0.04439376359046928
Guatemala,GTM,2000,2.8970000743866,0.05004144370878321
Guatemala,GTM,2005,2.99399995803833,0.056284699452383576
Guatemala,GTM,2010,3.49699997901917,0.06324166973504583
Guatemala,GTM,2015,2.50600004196167,0.06887690449224544
Guatemala,GTM,2019,2.74600005149841,0.06990129237879343
Guinea,GIN,1990,3.89199995994568,0.05553326260810484
Guinea,GIN,1995,4.38800001144409,0.05032776793851127
Guinea,GIN,2000,4.38800001144409,0.045751165248709764
Guinea,GIN,2005,4.21199989318848,0.04450490093891256
Guinea,GIN,2010,4.28399991989136,0.044852639907317145
Guinea,GIN,2015,4.21099996566772,0.04247500544082586
Guinea,GIN,2019,3.57200002670288,0.042770210977356955
Guinea-Bissau,GNB,1990,4.03200006484985,0.056814534775818985
Guinea-Bissau,GNB,1995,4.60200023651123,0.06167126171185485
Guinea-Bissau,GNB,2000,4.67600011825562,0.06465157358563757
Guinea-Bissau,GNB,2005,4.47900009155273,0.06178611526250437
Guinea-Bissau,GNB,2010,4.37900018692017,0.06037111544142614
Guinea-Bissau,GNB,2015,4.31799983978271,0.056653169867407475
Guinea-Bissau,GNB,2019,4.07000017166138,0.05526676764610318
Guyana,GUY,1990,11.9499998092651,0.31444661641390054
Guyana,GUY,1995,12.2910003662109,0.3889866030203956
Guyana,GUY,2000,11.8559999465942,0.4867104584747862
Guyana,GUY,2005,11.0869998931885,0.5280079553663207
Guyana,GUY,2010,11.6569995880127,0.5863756211337593
Guyana,GUY,2015,12.5520000457764,0.6295958469284575
Guyana,GUY,2019,12.2189998626709,0.6677706404588423
Haiti,HTI,1990,6.82299995422363,0.0751462400025462
Haiti,HTI,1995,7.18200016021729,0.08587097196553478
Haiti,HTI,2000,8.33899974822998,0.09516168021809573
Haiti,HTI,2005,14.8769998550415,0.1057842886487079
Haiti,HTI,2010,15.6429996490479,0.11294829939165704
Haiti,HTI,2015,13.7239999771118,0.1373593783279052
Haiti,HTI,2019,13.4840002059937,0.1425564964538905
Honduras,HND,1990,4.57999992370605,0.031601296631104094
Honduras,HND,1995,3.24000000953674,0.043229706565792274
Honduras,HND,2000,4.03599977493286,0.052070352325930346
Honduras,HND,2005,4.90899991989136,0.06023647989639341
Honduras,HND,2010,4.11899995803833,0.07068086810051614
Honduras,HND,2015,4.59200000762939,0.08022635125792886
Honduras,HND,2019,4.10900020599365,0.08351553195914439
Hungary,HUN,1990,9.70499992370605,0.03735439061622203
Hungary,HUN,1995,10.1680002212524,0.039180982799341464
Hungary,HUN,2000,6.56300020217896,0.04127041394985844
Hungary,HUN,2005,7.18800020217896,0.0464115181175099
Hungary,HUN,2010,11.1719999313354,0.05138368181753182
Hungary,HUN,2015,6.81300020217896,0.0563628387524652
Hungary,HUN,2019,3.46399998664856,0.06470876367941356
Iceland,ISL,1990,2.54800009727478,0.06914914490672067
Iceland,ISL,1995,5.19600009918213,0.0801965094889856
Iceland,ISL,2000,1.93599998950958,0.0931135648370406
Iceland,ISL,2005,2.54699993133545,0.09707010319006248
Iceland,ISL,2010,7.56400012969971,0.10408406463317622
Iceland,ISL,2015,3.97900009155273,0.11805087435575776
Iceland,ISL,2019,2.95000004768372,0.11931307166250912
India,IND,1990,2.36100006103516,0.007584272742497915
India,IND,1995,2.61100006103516,0.0074253701377106855
India,IND,2000,2.73099994659424,0.007507655280786741
India,IND,2005,3.10199999809265,0.008363426260254022
India,IND,2010,2.44400000572205,0.010718202077084267
India,IND,2015,2.78200006484985,0.012159043454427797
India,IND,2019,2.55100011825562,0.01294596086972501
Indonesia,IDN,1990,2.53999996185303,0.00903111336834971
Indonesia,IDN,1995,3.99000000953674,0.009919376141053364
Indonesia,IDN,2000,6.0770001411438,0.011495541830379569
Indonesia,IDN,2005,7.94500017166138,0.01239372296024203
Indonesia,IDN,2010,5.61399984359741,0.014179838034911643
Indonesia,IDN,2015,4.51399993896484,0.01579704530079921
Indonesia,IDN,2019,4.375,0.01693541742076201
Iran (Islamic Republic of),IRN,1990,11.1000003814697,0.011200662978677459
Iran (Islamic Republic of),IRN,1995,9.83899974822998,0.012155950790154541
Iran (Islamic Republic of),IRN,2000,11.6800003051758,0.012668833627270636
Iran (Islamic Republic of),IRN,2005,12.1000003814697,0.012756752578866075
Iran (Islamic Republic of),IRN,2010,13.5200004577637,0.013415485444579245
Iran (Islamic Republic of),IRN,2015,11.0600004196167,0.014923314369456894
Iran (Islamic Republic of),IRN,2019,11.9919996261597,0.01591651245058864
Iraq,IRQ,1990,10.3459997177124,0.08649705642302223
Iraq,IRQ,1995,9.53499984741211,0.06594385383777869
Iraq,IRQ,2000,9.32999992370605,0.04953938883506539
Iraq,IRQ,2005,9.42000007629395,0.053726088024329585
Iraq,IRQ,2010,8.58300018310547,0.08832826036844357
Iraq,IRQ,2015,8.07900047302246,0.04901555175252987
Iraq,IRQ,2019,7.90500020980835,0.05291000582823363
Ireland,IRL,1990,15.7749996185303,0.2610394954544342
Ireland,IRL,1995,11.9829998016357,0.239342492506597
Ireland,IRL,2000,4.31799983978271,0.2157331044519909
Ireland,IRL,2005,4.34200000762939,0.18541296767192783
Ireland,IRL,2010,14.5329999923706,0.16025135110539007
Ireland,IRL,2015,9.9040002822876,0.1583262033234247
Ireland,IRL,2019,5.28399991989136,0.16829009792096683
Israel,ISR,1990,13.3870000839233,0.06042854077253219
Israel,ISR,1995,8.7819995880127,0.05263282236248873
Israel,ISR,2000,11.1020002365112,0.04847527428844013
Israel,ISR,2005,11.3420000076294,0.04614017113750162
Israel,ISR,2010,8.47999954223633,0.0441357101631775
Israel,ISR,2015,5.25099992752075,0.04046097301941504
Israel,ISR,2019,3.93099999427795,0.04164152727436457
Italy,ITA,1990,10.1020002365112,0.05908058711647053
Italy,ITA,1995,11.668999671936,0.05643093204960223
Italy,ITA,2000,10.8420000076294,0.05387174988323228
Italy,ITA,2005,7.73099994659424,0.04656810469453204
Italy,ITA,2010,8.36299991607666,0.04324309542704939
Italy,ITA,2015,11.8959999084473,0.04432797960012964
Italy,ITA,2019,9.21500015258789,0.050930194548409635
Jamaica,JAM,1990,15.7399997711182,0.24340201644196097
Jamaica,JAM,1995,16.2299995422363,0.2839305666668377
Jamaica,JAM,2000,15.5389995574951,0.3235072424352121
Jamaica,JAM,2005,11.2629995346069,0.3308251852278994
Jamaica,JAM,2010,12.3660001754761,0.3520818656020723
Jamaica,JAM,2015,13.5109996795654,0.35665116234022515
Jamaica,JAM,2019,9.52400016784668,0.37856078068592824
Japan,JPN,1990,2.09999990463257,0.004929057691218016
Japan,JPN,1995,3.20000004768372,0.005239191957844051
Japan,JPN,2000,4.69999980926514,0.0056192931419155965
Japan,JPN,2005,4.40000009536743,0.0056515539276686
Japan,JPN,2010,5.09999990463257,0.005937994846568283
Japan,JPN,2015,3.40000009536743,0.0061412840861720455
Japan,JPN,2019,2.40599989891052,0.006629716009992958
Jordan,JOR,1990,19.4810009002686,0.08805571680562216
Jordan,JOR,1995,14.6000003814697,0.073950231027734
Jordan,JOR,2000,13.6999998092651,0.0719497322885556
Jordan,JOR,2005,14.8000001907349,0.07530341410789965
Jordan,JOR,2010,12.5,0.08227333076363014
Jordan,JOR,2015,13.0749998092651,0.07611798318148831
Jordan,JOR,2019,14.9449996948242,0.07878426409934662
Kazakhstan,KAZ,1990,0.899999976158142,0.18177385612919011
Kazakhstan,KAZ,1995,10.9799995422363,0.20834856615855737
Kazakhstan,KAZ,2000,12.75,0.23881888727921544
Kazakhstan,KAZ,2005,8.13000011444092,0.24551019213074723
Kazakhstan,KAZ,2010,5.76999998092651,0.23302320959262515
Kazakhstan,KAZ,2015,4.92999982833862,0.22258810819660207
Kazakhstan,KAZ,2019,5.42500019073486,0.21916599016036933
Kenya,KEN,1990,8.89700031280518,0.010551925916156404
Kenya,KEN,1995,9.77499961853027,0.009999173157762364
Kenya,KEN,2000,9.9040002822876,0.00993140621345073
Kenya,KEN,2005,9.78400039672852,0.009788997347296149
Kenya,KEN,2010,9.73099994659424,0.010432356595930078
Kenya,KEN,2015,9.67500019073486,0.010124829735101905
Kenya,KEN,2019,9.30500030517578,0.010223900098476428
Kuwait,KWT,1990,0.703000009059906,0.038948735863896335
Kuwait,KWT,1995,0.704999983310699,0.06042651446135223
Kuwait,KWT,2000,0.800000011920929,0.055471480199479443
Kuwait,KWT,2005,1.52600002288818,0.055680605832619
Kuwait,KWT,2010,1.82000005245209,0.057062372739050043
Kuwait,KWT,2015,2.20000004768372,0.04918694407198265
Kuwait,KWT,2019,2.16499996185303,0.04964144568365573
Kyrgyzstan,KGZ,1990,1,0.11900573875022773
Kyrgyzstan,KGZ,1995,5.59999990463257,0.1206091570914832
Kyrgyzstan,KGZ,2000,7.53999996185303,0.11561305732484077
Kyrgyzstan,KGZ,2005,8.10999965667725,0.12645992329446404
Kyrgyzstan,KGZ,2010,8.64000034332275,0.13343067971144845
Kyrgyzstan,KGZ,2015,7.55999994277954,0.1251348855948564
Kyrgyzstan,KGZ,2019,7.35599994659424,0.11953655910573482
Lao People's Democratic Republic,LAO,1990,2.22900009155273,0.11342589548551688
Lao People's Democratic Republic,LAO,1995,2.59999990463257,0.11302897379398628
Lao People's Democratic Republic,LAO,2000,2.02500009536743,0.12196179348949039
Lao People's Democratic Republic,LAO,2005,1.35000002384186,0.15575616568109887
Lao People's Democratic Republic,LAO,2010,0.708000004291534,0.191820027155628
Lao People's Democratic Republic,LAO,2015,0.680000007152557,0.19065342424542706
Lao People's Democratic Republic,LAO,2019,0.574000000953674,0.19075729868992553
Latvia,LVA,1990,2.70000004768372,0.08078175064050067
Latvia,LVA,1995,19,0.09215687694764223
Latvia,LVA,2000,14.2110004425049,0.10081772296255623
Latvia,LVA,2005,10.0329999923706,0.12112297709620203
Latvia,LVA,2010,19.4820003509521,0.13318744919680295
Latvia,LVA,2015,9.8730001449585,0.15570912558968852
Latvia,LVA,2019,8.22299957275391,0.1724436840722912
Lebanon,LBN,1990,8.2209997177124,0.1817035337297595
Lebanon,LBN,1995,8.46500015258789,0.15118666356798305
Lebanon,LBN,2000,8.39099979400635,0.14601468000493392
Lebanon,LBN,2005,8.39200019836426,0.13059054053162503
Lebanon,LBN,2010,6.46199989318848,0.14224779383900177
Lebanon,LBN,2015,6.23299980163574,0.11775431147838604
Lebanon,LBN,2019,6.19600009918213,0.12325408732027289
Lesotho,LSO,1990,36.1269989013672,0.11230481990577239
Lesotho,LSO,1995,37.0750007629395,0.07194940687812797
Lesotho,LSO,2000,36.1469993591309,0.05931462157689576
Lesotho,LSO,2005,31.9209995269775,0.07965226434963134
Lesotho,LSO,2010,27.1940002441406,0.12184421479258421
Lesotho,LSO,2015,24.2980003356934,0.14830543253322817
Lesotho,LSO,2019,23.4750003814697,0.16202970212491438
Liberia,LBR,1990,2.31699991226196,0.24899225015318568
Liberia,LBR,1995,2.60400009155273,0.26522782994344785
Liberia,LBR,2000,2.7720000743866,0.08721110664865457
Liberia,LBR,2005,2.42199993133545,0.1090697165670846
Liberia,LBR,2010,2.26600003242493,0.05634436941775566
Liberia,LBR,2015,2.18400001525879,0.04621989477285381
Liberia,LBR,2019,2.03200006484985,0.04551546936206585
Libya,LBY,1990,19.4190006256104,0.017187700390000497
Libya,LBY,1995,20.7019996643066,0.015643596687518867
Libya,LBY,2000,20.6609992980957,0.01493796719642113
Libya,LBY,2005,18.4589996337891,0.017436235624582012
Libya,LBY,2010,17.617000579834,0.020669726637282473
Libya,LBY,2015,16.0949993133545,0.024706640294220525
Libya,LBY,2019,17.2999992370605,0.02703963290328599
Lithuania,LTU,1990,1.10000002384186,0.09222956765547868
Lithuania,LTU,1995,17.5400009155273,0.09436356431976836
Lithuania,LTU,2000,15.9309997558594,0.09961892090837185
Lithuania,LTU,2005,8.32499980926514,0.12418616186229281
Lithuania,LTU,2010,17.8139991760254,0.16778097699854258
Lithuania,LTU,2015,9.11999988555908,0.1926851434295727
Lithuania,LTU,2019,6.63800001144409,0.2187545370497499
Luxembourg,LUX,1990,1.48199999332428,0.09464711274060494
Luxembourg,LUX,1995,2.91799998283386,0.09277210156011012
Luxembourg,LUX,2000,2.34500002861023,0.0912147604859042
Luxembourg,LUX,2005,4.48799991607666,0.11373124830702686
Luxembourg,LUX,2010,4.36100006103516,0.12277469509007738
Luxembourg,LUX,2015,6.66900014877319,0.1226150097260553
Luxembourg,LUX,2019,5.41300010681152,0.12418384540452308
Madagascar,MDG,1990,5.15899991989136,0.005123362382446276
Madagascar,MDG,1995,5.76100015640259,0.004996734790803983
Madagascar,MDG,2000,5.80000019073486,0.0048898933620417475
Madagascar,MDG,2005,2.35999989509583,0.008116335284317962
Madagascar,MDG,2010,4.28000020980835,0.007605604104457149
Madagascar,MDG,2015,1.79999995231628,0.007247518454170836
Madagascar,MDG,2019,1.64499998092651,0.007035237644983118
Malawi,MWI,1990,7.41400003433228,0.01525195385187942
Malawi,MWI,1995,8.20899963378906,0.015320971332476334
Malawi,MWI,2000,8.4040002822876,0.016704192520817118
Malawi,MWI,2005,7.80000019073486,0.01753277693436503
Malawi,MWI,2010,6.32399988174438,0.01754957422522692
Malawi,MWI,2015,5.78599977493286,0.01811092937524033
Malawi,MWI,2019,5.375,0.017887635197867645
Malaysia,MYS,1990,3.58699989318848,0.031212839348847776
Malaysia,MYS,1995,3.15000009536743,0.042155435722678596
Malaysia,MYS,2000,3,0.05189379422673466
Malaysia,MYS,2005,3.52999997138977,0.05373313231047716
Malaysia,MYS,2010,3.25,0.05666860523960637
Malaysia,MYS,2015,3.09999990463257,0.059322957757338535
Malaysia,MYS,2019,3.3989999294281,0.05357747580489261
Maldives,MDV,1990,0.714999973773956,0.009827118006076413
Maldives,MDV,1995,0.790000021457672,0.00664203447719555
Maldives,MDV,2000,1.97000002861023,0.004355793527512724
Maldives,MDV,2005,2.87400007247925,0.005541162924582614
Maldives,MDV,2010,4.11399984359741,0.007508189011686089
Maldives,MDV,2015,5.67799997329712,0.006451754723409868
Maldives,MDV,2019,6.40299987792969,0.005920154509633582
Mali,MLI,1990,3.1010000705719,0.07662043384352005
Mali,MLI,1995,3.20700001716614,0.08560846089463076
Mali,MLI,2000,5.53399991989136,0.07061233121803472
Mali,MLI,2005,10.0139999389648,0.07010362634276376
Mali,MLI,2010,8.06999969482422,0.06625766569499698
Mali,MLI,2015,7.72900009155273,0.07012068162115488
Mali,MLI,2019,9.77600002288818,0.06629209301545418
Malta,MLT,1990,6.10699987411499,0.31269164525510346
Malta,MLT,1995,6.51100015640259,0.2910558291977881
Malta,MLT,2000,6.32399988174438,0.26887335389284955
Malta,MLT,2005,6.9229998588562,0.2484610013025154
Malta,MLT,2010,6.84700012207031,0.23971069315911878
Malta,MLT,2015,5.39099979400635,0.23318346354254438
Malta,MLT,2019,4.6269998550415,0.22984509751204682
Mauritania,MRT,1990,11.539999961853,0.06610871503667518
Mauritania,MRT,1995,12.1120004653931,0.06557444362322411
Mauritania,MRT,2000,12.0590000152588,0.04091218259772285
Mauritania,MRT,2005,10.1330003738403,0.0338635682763738
Mauritania,MRT,2010,10.5939998626709,0.03131794304553696
Mauritania,MRT,2015,10.7889995574951,0.02677482471027242
Mauritania,MRT,2019,10.3219995498657,0.02918389514818254
Mauritius,MUS,1990,8.88700008392334,0.10456234799650539
Mauritius,MUS,1995,9.59000015258789,0.10162883745212511
Mauritius,MUS,2000,9.27700042724609,0.10026767817618229
Mauritius,MUS,2005,9.52400016784668,0.10640714379924673
Mauritius,MUS,2010,7.65399980545044,0.11887635956493922
Mauritius,MUS,2015,7.40999984741211,0.13700959524158388
Mauritius,MUS,2019,6.86899995803833,0.14885288345953498
Mexico,MEX,1990,3.04699993133545,0.05236122235705954
Mexico,MEX,1995,6.88800001144409,0.07581330954918318
Mexico,MEX,2000,2.56299996376038,0.09669306357355767
Mexico,MEX,2005,3.55800008773804,0.10205233982713094
Mexico,MEX,2010,5.30299997329712,0.10881324030475044
Mexico,MEX,2015,4.31300020217896,0.09785220300785852
Mexico,MEX,2019,3.37800002098084,0.09347891543398557
Mongolia,MNG,1990,5.49499988555908,0.011201637253936894
Mongolia,MNG,1995,5.85799980163574,0.012051244114498568
Mongolia,MNG,2000,6.07399988174438,0.012784170303217879
Mongolia,MNG,2005,7.60500001907349,0.016773906517670828
Mongolia,MNG,2010,6.54899978637695,0.021238312053107913
Mongolia,MNG,2015,4.86100006103516,0.02229860270627483
Mongolia,MNG,2019,6.34600019454956,0.023180813372497958
Montenegro,MNE,1990,28.568000793457,0.12761802985625986
Montenegro,MNE,1995,29.9150009155273,0.23645114040594267
Montenegro,MNE,2000,30.4230003356934,0.30739399950409124
Montenegro,MNE,2005,30.3099994659424,0.24119388989370968
Montenegro,MNE,2010,19.6490001678467,0.24051544327992921
Montenegro,MNE,2015,17.5440006256104,0.24858115047761103
Montenegro,MNE,2019,15.7760000228882,0.24585880821730713
Morocco,MAR,1990,12.8889999389648,0.07047278758302643
Morocco,MAR,1995,13.628999710083,0.06979508599053502
Morocco,MAR,2000,13.5799999237061,0.07213944421621148
Morocco,MAR,2005,11.0100002288818,0.08120713980609322
Morocco,MAR,2010,9.09000015258789,0.08854390614415823
Morocco,MAR,2015,9.46000003814697,0.08610772515482594
Morocco,MAR,2019,9.02799987792969,0.08704257648351177
Mozambique,MOZ,1990,2.35700011253357,0.17111873668506106
Mozambique,MOZ,1995,2.48799991607666,0.05248982677191392
Mozambique,MOZ,2000,2.6489999294281,0.03638604653237335
Mozambique,MOZ,2005,3.41400003433228,0.03235822322956681
Mozambique,MOZ,2010,3.81599998474121,0.033921445288785185
Mozambique,MOZ,2015,3.42600011825562,0.03431003370238638
Mozambique,MOZ,2019,3.19000005722046,0.034357787686328044
Myanmar,MMR,1990,0.996999979019165,0.01657933230223471
Myanmar,MMR,1995,1.15400004386902,0.020761112158149686
Myanmar,MMR,2000,1.22300004959106,0.02620545452549022
Myanmar,MMR,2005,1.06500005722046,0.036812130699120184
Myanmar,MMR,2010,0.910000026226044,0.048804211030738676
Myanmar,MMR,2015,0.765999972820282,0.05394773792601112
Myanmar,MMR,2019,1.57500004768372,0.06888070291432094
Namibia,NAM,1990,19.1399993896484,0.011221260306859143
Namibia,NAM,1995,21.0380001068115,0.01733804707392812
Namibia,NAM,2000,20.2999992370605,0.02750183748650792
Namibia,NAM,2005,21.886999130249,0.03375603615502084
Namibia,NAM,2010,22.1000003814697,0.047020256985549874
Namibia,NAM,2015,20.8309993743896,0.07538627951742276
Namibia,NAM,2019,23.1870002746582,0.07985891992459936
Nepal,NPL,1990,1.58299994468689,0.03956842561716768
Nepal,NPL,1995,1.69700002670288,0.03967524949282935
Nepal,NPL,2000,1.82000005245209,0.04082538361838695
Nepal,NPL,2005,1.70200002193451,0.044227893336440796
Nepal,NPL,2010,1.52199995517731,0.053106827873708615
Nepal,NPL,2015,1.42900002002716,0.07454527814534065
Nepal,NPL,2019,1.24699997901917,0.08136479977425132
Netherlands,NLD,1990,7.28399991989136,0.04839899113868766
Netherlands,NLD,1995,7.15700006484985,0.047490052077086974
Netherlands,NLD,2000,2.72499990463257,0.04741147114067848
Netherlands,NLD,2005,4.72300004959106,0.04899475902623722
Netherlands,NLD,2010,4.44999980926514,0.05216096590908407
Netherlands,NLD,2015,6.87200021743774,0.05299711220647225
Netherlands,NLD,2019,3.76099991798401,0.05691788244419932
New Caledonia,NCL,1990,17.9899997711182,0.024289200053832966
New Caledonia,NCL,1995,18.7409992218018,0.023749329260742146
New Caledonia,NCL,2000,17.363000869751,0.023190920602166674
New Caledonia,NCL,2005,15.5629997253418,0.022497308934337996
New Caledonia,NCL,2010,14.2840003967285,0.019663663663663664
New Caledonia,NCL,2015,14.3269996643066,0.017610132158590308
New Caledonia,NCL,2019,13.4200000762939,0.0179469126240935
New Zealand,NZL,1990,10.6140003204346,0.1165754699981981
New Zealand,NZL,1995,6.46099996566772,0.11354548919257364
New Zealand,NZL,2000,6.13000011444092,0.12702387432926354
New Zealand,NZL,2005,3.80699992179871,0.13451123636275672
New Zealand,NZL,2010,6.55700016021729,0.15238835129979084
New Zealand,NZL,2015,5.36499977111816,0.1601577561633701
New Zealand,NZL,2019,4.80700016021729,0.15910408351243477
Nicaragua,NIC,1990,7.09499979019165,0.10593817944647022
Nicaragua,NIC,1995,7.59600019454956,0.09423249505339965
Nicaragua,NIC,2000,7.46799993515015,0.09907537566315835
Nicaragua,NIC,2005,5.36999988555908,0.08030978048022594
Nicaragua,NIC,2010,7.82999992370605,0.1048927166849958
Nicaragua,NIC,2015,4.39699983596802,0.10411280940474736
Nicaragua,NIC,2019,4.86999988555908,0.10561652261777217
Niger,NER,1990,1.27199995517731,0.01866035032805334
Niger,NER,1995,1.45099997520447,0.018658337871305906
Niger,NER,2000,1.47000002861023,0.01811278008838503
Niger,NER,2005,3.09999990463257,0.02216901402454863
Niger,NER,2010,0.501999974250793,0.020401086611566734
Niger,NER,2015,0.29899999499321,0.019210152675805007
Niger,NER,2019,0.256999999284744,0.017896623919460133
Nigeria,NGA,1990,3.56200003623962,0.0046927266339643605
Nigeria,NGA,1995,3.94700002670288,0.004859648831082017
Nigeria,NGA,2000,3.9539999961853,0.004990029345657665
Nigeria,NGA,2005,3.86999988555908,0.0058379498548432095
Nigeria,NGA,2010,3.76999998092651,0.0062280447251798965
Nigeria,NGA,2015,5.31300020217896,0.006934590355937884
Nigeria,NGA,2019,6.10599994659424,0.007343116320154401
North Macedonia,MKD,1990,34.6030006408691,0.216556425418339
North Macedonia,MKD,1995,35.9090003967285,0.24823068374568638
North Macedonia,MKD,2000,32.2000007629395,0.26170927242177316
North Macedonia,MKD,2005,37.25,0.22292628209950818
North Macedonia,MKD,2010,32.0200004577637,0.2545344878958788
North Macedonia,MKD,2015,26.068000793457,0.27071582742116684
North Macedonia,MKD,2019,21.5809993743896,0.3160236548216527
Norway,NOR,1990,5.40700006484985,0.03266223785934745
Norway,NOR,1995,6.30700016021729,0.034723929983226216
Norway,NOR,2000,3.45799994468689,0.0365718563507592
Norway,NOR,2005,4.38100004196167,0.03791628084842594
Norway,NOR,2010,3.52099990844727,0.03716273982196049
Norway,NOR,2015,4.2960000038147,0.03670966022286907
Norway,NOR,2019,3.96700000762939,0.038073618228128596
Oman,OMN,1990,4.60300016403198,0.006917155815625653
Oman,OMN,1995,5.05600023269653,0.006288683318838785
Oman,OMN,2000,4.84700012207031,0.006890734589873865
Oman,OMN,2005,4.65000009536743,0.007194422222231071
Oman,OMN,2010,4.65899991989136,0.006606094362067367
Oman,OMN,2015,3.54200005531311,0.005398903487599324
Oman,OMN,2019,3.08400011062622,0.005163906778427422
Pakistan,PAK,1990,0.579999983310699,0.031057989498933285
Pakistan,PAK,1995,0.703999996185303,0.027027625095515647
Pakistan,PAK,2000,0.74099999666214,0.023895022506740696
Pakistan,PAK,2005,0.666000008583069,0.02434529272655491
Pakistan,PAK,2010,0.652999997138977,0.027823820475137526
Pakistan,PAK,2015,3.56599998474121,0.029636714521713323
Pakistan,PAK,2019,3.01999998092651,0.02970235425831997
Panama,PAN,1990,3.91300010681152,0.054530914665510834
Panama,PAN,1995,3.96199989318848,0.048693856335877195
Panama,PAN,2000,4.20599985122681,0.04535152630342326
Panama,PAN,2005,4.22200012207031,0.03971693135912765
Panama,PAN,2010,3.71300005912781,0.03860035188310168
Panama,PAN,2015,3.00200009346008,0.0379028581925555
Panama,PAN,2019,3.90499997138977,0.03857119907643828
Papua New Guinea,PNG,1990,2.69799995422363,0.0006739836463100208
Papua New Guinea,PNG,1995,2.91899991035461,0.0007832953542083569
Papua New Guinea,PNG,2000,2.92000007629395,0.0007791249243705009
Papua New Guinea,PNG,2005,2.37800002098084,0.0006931589278546577
Papua New Guinea,PNG,2010,2.00200009346008,0.000579713554750717
Papua New Guinea,PNG,2015,2.57599997520447,0.02529978939968117
Papua New Guinea,PNG,2019,2.36899995803833,0.025461068359562907
Paraguay,PRY,1990,8.57999992370605,0.07055404216729827
Paraguay,PRY,1995,9.2480001449585,0.0703527413398347
Paraguay,PRY,2000,9.70400047302246,0.07042304057276816
Paraguay,PRY,2005,4.82499980926514,0.09372081092069912
Paraguay,PRY,2010,4.56899976730347,0.12260011971792664
Paraguay,PRY,2015,4.55600023269653,0.12594662736483042
Paraguay,PRY,2019,4.67600011825562,0.1253060815509215
Peru,PER,1990,5.20499992370605,0.014265226911184245
Peru,PER,1995,5.46600008010864,0.020958872652387984
Peru,PER,2000,5.70100021362305,0.026439889668700735
Peru,PER,2005,4.8600001335144,0.03494003207117454
Peru,PER,2010,3.4779999256134,0.0448595020048799
Peru,PER,2015,3,0.04553845010756879
Peru,PER,2019,2.90199995040894,0.047294629171744415
Philippines,PHL,1990,3.24600005149841,0.03285691482177282
Philippines,PHL,1995,3.57999992370605,0.03593949669443269
Philippines,PHL,2000,3.83100008964539,0.03964885775425877
Philippines,PHL,2005,3.79500007629395,0.043009594416530315
Philippines,PHL,2010,3.60500001907349,0.0502236960764219
Philippines,PHL,2015,3.02600002288818,0.04844633620965718
Philippines,PHL,2019,2.41199994087219,0.05041950392605208
Poland,POL,1990,13.0559997558594,0.03963222271324687
Poland,POL,1995,13.3380002975464,0.04603259728112954
Poland,POL,2000,16.3129997253418,0.05354010463887768
Poland,POL,2005,17.746000289917,0.075663758145621
Poland,POL,2010,9.63700008392334,0.0980748417164102
Poland,POL,2015,7.50099992752075,0.10541474672575026
Poland,POL,2019,3.27099990844727,0.11709202258074743
Portugal,PRT,1990,3.91899991035461,0.18766063207274447
Portugal,PRT,1995,7.06400012969971,0.19173012721899158
Portugal,PRT,2000,3.80900001525879,0.1939169853773089
Portugal,PRT,2005,7.58199977874756,0.1661131279318083
Portugal,PRT,2010,10.7700004577637,0.1844673747529107
Portugal,PRT,2015,12.4440002441406,0.2376377620708711
Portugal,PRT,2019,6.12900018692017,0.25594436050941466
Puerto Rico,PRI,1990,16.1800003051758,0.3395026858919989
Puerto Rico,PRI,1995,13.9300003051758,0.3818144645968359
Puerto Rico,PRI,2000,10.0799999237061,0.42007817656251434
Puerto Rico,PRI,2005,11.3500003814697,0.4293903587255015
Puerto Rico,PRI,2010,16.1000003814697,0.4655763430314186
Puerto Rico,PRI,2015,12,0.5359732301882489
Puerto Rico,PRI,2019,11.1660003662109,0.6282475361899728
Qatar,QAT,1990,1.32400000095367,0.025623690365710782
Qatar,QAT,1995,1.68599998950958,0.025960088968179463
Qatar,QAT,2000,1.50800001621246,0.02482159374008385
Qatar,QAT,2005,1.20500004291534,0.02054156613697921
Qatar,QAT,2010,0.449999988079071,0.01164773232302283
Qatar,QAT,2015,0.159999996423721,0.06248679702694381
Qatar,QAT,2019,0.144999995827675,0.06170090919973814
Republic of Korea,KOR,1990,2.40700006484985,0.03789960751151355
Republic of Korea,KOR,1995,2.06299996376038,0.03960134292267284
Republic of Korea,KOR,2000,4.40000009536743,0.041528173723041115
Republic of Korea,KOR,2005,3.70000004768372,0.04233156757410325
Republic of Korea,KOR,2010,3.70000004768372,0.04661479959523843
Republic of Korea,KOR,2015,3.59999990463257,0.04096568011724094
Republic of Korea,KOR,2019,3.71399998664856,0.04215298167593088
Republic of Moldova,MDA,1990,1.89999997615814,0.16928652597402596
Republic of Moldova,MDA,1995,5.30000019073486,0.16871273399709777
Republic of Moldova,MDA,2000,8.46000003814697,0.16561801432688059
Republic of Moldova,MDA,2005,7.28999996185303,0.19904361024892447
Republic of Moldova,MDA,2010,7.44600009918213,0.2323842062635368
Republic of Moldova,MDA,2015,3.69400000572205,0.25644859413388676
Republic of Moldova,MDA,2019,3.73399996757507,0.28580102614778885
Romania,ROU,1990,8.18900012969971,0.03504317654185542
Romania,ROU,1995,8.01000022888184,0.043091313936926334
Romania,ROU,2000,6.96700000762939,0.05077202122660142
Romania,ROU,2005,7.17399978637695,0.09891051392175823
Romania,ROU,2010,6.95900011062622,0.16644764516946842
Romania,ROU,2015,6.81199979782104,0.1696678470737097
Romania,ROU,2019,4.15899991989136,0.18346542784160325
Russian Federation,RUS,1990,5.07000017166138,0.08539161249426806
Russian Federation,RUS,1995,9.44900035858154,0.07832320227366571
Russian Federation,RUS,2000,10.581000328064,0.07313551026986262
Russian Federation,RUS,2005,7.12400007247925,0.07217558252045278
Russian Federation,RUS,2010,7.36899995803833,0.07091563230320895
Russian Federation,RUS,2015,5.57100009918213,0.07074699818254207
Russian Federation,RUS,2019,4.54500007629395,0.07261805513017375
Rwanda,RWA,1990,0.300000011920929,0.07514430882541383
Rwanda,RWA,1995,0.526000022888184,0.3530142662676829
Rwanda,RWA,2000,0.776000022888184,0.04010786418057394
Rwanda,RWA,2005,0.949000000953674,0.03226199815275986
Rwanda,RWA,2010,1.05999994277954,0.032978967338284655
Rwanda,RWA,2015,1.09899997711182,0.05242829427312047
Rwanda,RWA,2019,0.991999983787537,0.04784156383802586
Saint Lucia,LCA,1990,16.3290004730225,0.15943341544703665
Saint Lucia,LCA,1995,15.8299999237061,0.20906243616803977
Saint Lucia,LCA,2000,16.4899997711182,0.2527802767834925
Saint Lucia,LCA,2005,18.7000007629395,0.28764449231108147
Saint Lucia,LCA,2010,17.1490001678467,0.28997328891058965
Saint Lucia,LCA,2015,24.0900001525879,0.32992418744347557
Saint Lucia,LCA,2019,20.4689998626709,0.3496912952405038
Saint Vincent and the Grenadines,VCT,1990,19.7700004577637,0.3446931636336571
Saint Vincent and the Grenadines,VCT,1995,20.3560009002686,0.4234831304669783
Saint Vincent and the Grenadines,VCT,2000,21.1310005187988,0.4979403250946337
Saint Vincent and the Grenadines,VCT,2005,20.1569995880127,0.5133960631226178
Saint Vincent and the Grenadines,VCT,2010,19.9160003662109,0.513094083414161
Saint Vincent and the Grenadines,VCT,2015,20.1989994049072,0.5145765382783011
Saint Vincent and the Grenadines,VCT,2019,19.7099990844727,0.5503584066781598
Samoa,WSM,1990,2.09999990463257,0.4598256788879812
Samoa,WSM,1995,3.21799993515015,0.4819175085561057
Samoa,WSM,2000,4.71600008010864,0.5419250920013299
Samoa,WSM,2005,5.1399998664856,0.552131844408464
Samoa,WSM,2010,5.52400016784668,0.5636868173531452
Samoa,WSM,2015,8.61600017547607,0.6044245089477193
Samoa,WSM,2019,8.45699977874756,0.6342884821292
Sao Tome and Principe,STP,1990,13.4029998779297,0.11724785880260719
Sao Tome and Principe,STP,1995,14.0649995803833,0.14635702243351206
Sao Tome and Principe,STP,2000,14.3999996185303,0.1768286682318539
Sao Tome and Principe,STP,2005,16.4699993133545,0.18917648851859378
Sao Tome and Principe,STP,2010,13.7399997711182,0.17124149669292735
Sao Tome and Principe,STP,2015,13.6049995422363,0.17743391231096314
Sao Tome and Principe,STP,2019,13.4010000228882,0.17539378660651667
Saudi Arabia,SAU,1990,6.99499988555908,0.006601417968760828
Saudi Arabia,SAU,1995,6.09000015258789,0.007029212791583486
Saudi Arabia,SAU,2000,4.57000017166138,0.007438258217505814
Saudi Arabia,SAU,2005,6.05000019073486,0.007445651555499049
Saudi Arabia,SAU,2010,5.55000019073486,0.007428597622861889
Saudi Arabia,SAU,2015,5.59000015258789,0.008424137878741208
Saudi Arabia,SAU,2019,5.91800022125244,0.008790933706809688
Senegal,SEN,1990,5.37099981307983,0.04919584066926847
Senegal,SEN,1995,5.65799999237061,0.04131958844505121
Senegal,SEN,2000,5.60300016403198,0.040276047502412295
Senegal,SEN,2005,9.08800029754639,0.04263138455900732
Senegal,SEN,2010,10.5410003662109,0.04413554724238903
Senegal,SEN,2015,6.75699996948242,0.04012227904197556
Senegal,SEN,2019,6.52199983596802,0.040534843412159176
Serbia,SRB,1990,12.8699998855591,0.0978838650145004
Serbia,SRB,1995,13.3999996185303,0.119877928338306
Serbia,SRB,2000,12.6000003814697,0.15026077830903473
Serbia,SRB,2005,20.8500003814697,0.12495066034169318
Serbia,SRB,2010,19.2180004119873,0.1137358950966586
Serbia,SRB,2015,17.9209995269775,0.1154656485773918
Serbia,SRB,2019,13.5129995346069,0.1361319915371972
Sierra Leone,SLE,1990,3.18199992179871,0.014318844417817464
Sierra Leone,SLE,1995,3.52999997138977,0.10637373932871541
Sierra Leone,SLE,2000,3.6159999370575,0.11104615895358584
Sierra Leone,SLE,2005,3.46199989318848,0.026202772271054536
Sierra Leone,SLE,2010,3.79099988937378,0.019774818825388108
Sierra Leone,SLE,2015,4.75,0.02394535126885236
Sierra Leone,SLE,2019,4.32999992370605,0.024457285435038303
Singapore,SGP,1990,2.1800000667572,0.05134926875501291
Singapore,SGP,1995,3.29999995231628,0.0477062601113461
Singapore,SGP,2000,3.70000004768372,0.04791321107071772
Singapore,SGP,2005,5.59000015258789,0.05472410322001087
Singapore,SGP,2010,4.11999988555908,0.05482030566120095
Singapore,SGP,2015,3.78999996185303,0.05678064795640544
Singapore,SGP,2019,3.62400007247925,0.06043103026313269
Slovakia,SVK,1990,11.6829996109009,0.025099321839368943
Slovakia,SVK,1995,13.1090002059937,0.03574226701646158
Slovakia,SVK,2000,19.0620002746582,0.04668715390667914
Slovakia,SVK,2005,16.2560005187988,0.050680026287934776
Slovakia,SVK,2010,14.378999710083,0.048476210755295256
Slovakia,SVK,2015,11.4809999465942,0.05554573259601523
Slovakia,SVK,2019,6.36700010299683,0.06346287899914284
Slovenia,SVN,1990,7.07999992370605,0.04579010400062858
Slovenia,SVN,1995,7.15000009536743,0.05461054781413076
Slovenia,SVN,2000,6.91800022125244,0.0596925474816798
Slovenia,SVN,2005,6.50600004196167,0.05979582838867188
Slovenia,SVN,2010,7.23600006103516,0.06018355126445939
Slovenia,SVN,2015,8.96199989318848,0.06691539889635775
Slovenia,SVN,2019,5.5019998550415,0.07139160247889591
Solomon Islands,SLB,1990,2.18499994277954,0.007092789852051843
Solomon Islands,SLB,1995,2.50399994850159,0.007075241941544362
Solomon Islands,SLB,2000,2.48499989509583,0.006610769156206077
Solomon Islands,SLB,2005,2.33599996566772,0.006384092543805515
Solomon Islands,SLB,2010,1.72699999809265,0.006342578822834041
Solomon Islands,SLB,2015,2.01300001144409,0.006416654783972622
Solomon Islands,SLB,2019,1.79299998283386,0.0064853306538328395
Somalia,SOM,1990,14.3299999237061,0.11737802093039092
Somalia,SOM,1995,15.128999710083,0.12933982252476994
Somalia,SOM,2000,15.2589998245239,0.11340286245186398
Somalia,SOM,2005,14.8640003204346,0.10542112019656044
Somalia,SOM,2010,14.5679998397827,0.13199281328123164
Somalia,SOM,2015,14.4119997024536,0.14172889124395593
Somalia,SOM,2019,13.9549999237061,0.13688405649355678
South Africa,ZAF,1990,28.2709999084473,0.00837768303693843
South Africa,ZAF,1995,29.5820007324219,0.009321055499938
South Africa,ZAF,2000,30.2290000915527,0.011161453903765786
South Africa,ZAF,2005,29.2530002593994,0.012581984925377189
South Africa,ZAF,2010,24.693000793457,0.014547914241851586
South Africa,ZAF,2015,25.1560001373291,0.013625085754405953
South Africa,ZAF,2019,27.3209991455078,0.014271484849797044
South Sudan,SSD,1990,12.7089996337891,0.09375174666093049
South Sudan,SSD,1995,13.4919996261597,0.08558751391878561
South Sudan,SSD,2000,13.5950002670288,0.05526798264475528
South Sudan,SSD,2005,13.2049999237061,0.03225546621174395
South Sudan,SSD,2010,13.1409997940063,0.042477969922060196
South Sudan,SSD,2015,12.8380002975464,0.10105585676586543
South Sudan,SSD,2019,12.7150001525879,0.23763092296591082
Spain,ESP,1990,15.9289999008179,0.037023878310936884
Spain,ESP,1995,22.6749992370605,0.03429758546774561
Spain,ESP,2000,13.7849998474121,0.03180544580804156
Spain,ESP,2005,9.14599990844727,0.02551859080975934
Spain,ESP,2010,19.8600006103516,0.023328131970663482
Spain,ESP,2015,22.056999206543,0.02736623097269466
Spain,ESP,2019,14.6999998092651,0.030925215354615485
Sri Lanka,LKA,1990,14.66100025177,0.05113486134211732
Sri Lanka,LKA,1995,12.2700004577637,0.050746010286077135
Sri Lanka,LKA,2000,7.73999977111816,0.05225875232943761
Sri Lanka,LKA,2005,7.67000007629395,0.05818811451815678
Sri Lanka,LKA,2010,4.94000005722046,0.06963307242612023
Sri Lanka,LKA,2015,4.67000007629395,0.0714760133524082
Sri Lanka,LKA,2019,4.32299995422363,0.08194591601292109
State of Palestine,PSE,1990,13.8420000076294,0.9164993468968501
State of Palestine,PSE,1995,14.3809995651245,0.9193677045710411
State of Palestine,PSE,2000,13.5340003967285,0.9472536174526112
State of Palestine,PSE,2005,23.5149993896484,0.9182958900083003
State of Palestine,PSE,2010,23.7339992523193,0.8830369337172931
State of Palestine,PSE,2015,25.8209991455078,0.8666314449431066
State of Palestine,PSE,2019,29.8659992218018,0.8515158498842329
Sudan,SDN,1990,15.7969999313354,0.029032752800707183
Sudan,SDN,1995,16.2549991607666,0.03218041675224895
Sudan,SDN,2000,16.9349994659424,0.032471622838704216
Sudan,SDN,2005,16.056999206543,0.039431278989952544
Sudan,SDN,2010,13.3520002365112,0.035747938494045436
Sudan,SDN,2015,13.1549997329712,0.047509250583824617
Sudan,SDN,2019,12.9969997406006,0.04881670248792072
Suriname,SUR,1990,16.9729995727539,0.44393930418986693
Suriname,SUR,1995,8.39000034332275,0.4383989172820702
Suriname,SUR,2000,12.8800001144409,0.4533951659309182
Suriname,SUR,2005,9.34000015258789,0.5054858808642865
Suriname,SUR,2010,7.15000009536743,0.4944975818842593
Suriname,SUR,2015,7.21999979019165,0.7369849931055205
Suriname,SUR,2019,7.41200017929077,0.7352840582578547
Sweden,SWE,1990,3.24300003051758,0.024167775170335682
Sweden,SWE,1995,8.89700031280518,0.025694411165637376
Sweden,SWE,2000,5.46600008010864,0.029079895208681497
Sweden,SWE,2005,7.48600006103516,0.02999754584159692
Sweden,SWE,2010,8.60999965667725,0.032512998865658234
Sweden,SWE,2015,7.43200016021729,0.03337940518732883
Sweden,SWE,2019,6.83799982070923,0.03474603942287155
Switzerland,CHE,1990,1.77699995040894,0.048585373669555544
Switzerland,CHE,1995,3.32699990272522,0.04830537133663235
Switzerland,CHE,2000,2.66599988937378,0.05170630198002575
Switzerland,CHE,2005,4.43699979782104,0.06780290475540583
Switzerland,CHE,2010,4.80700016021729,0.08016719427663632
Switzerland,CHE,2015,4.80100011825562,0.07697651742321908
Switzerland,CHE,2019,4.87400007247925,0.0798206502333165
Syrian Arab Republic,SYR,1990,6.75,0.04996564806959506
Syrian Arab Republic,SYR,1995,7.19999980926514,0.04618015192507863
Syrian Arab Republic,SYR,2000,9.53999996185303,0.04313439500506007
Syrian Arab Republic,SYR,2005,9.11299991607666,0.047040124227337075
Syrian Arab Republic,SYR,2010,8.60999965667725,0.05075255836984469
Syrian Arab Republic,SYR,2015,8.39200019836426,0.3459928785300639
Syrian Arab Republic,SYR,2019,8.18200016021729,0.48653503552495836
Tajikistan,TJK,1990,1.89999997615814,0.101763801678106
Tajikistan,TJK,1995,10.3000001907349,0.09634801493891386
Tajikistan,TJK,2000,14.6120004653931,0.08705844804845808
Tajikistan,TJK,2005,12.9809999465942,0.08634781003873583
Tajikistan,TJK,2010,11.6339998245239,0.07768558414771433
Tajikistan,TJK,2015,11.3500003814697,0.07132410727761962
Tajikistan,TJK,2019,11.0819997787476,0.06570373692002175
Thailand,THA,1990,2.63000011444092,0.005504207649092565
Thailand,THA,1995,1.10000002384186,0.007016850982609359
Thailand,THA,2000,2.39000010490417,0.008533367034857726
Thailand,THA,2005,1.35000002384186,0.00974460618609256
Thailand,THA,2010,0.621999979019165,0.011512101758481297
Thailand,THA,2015,0.597000002861023,0.013536951459932531
Thailand,THA,2019,0.694999992847443,0.014693082053710374
Timor-Leste,TLS,1990,3.25999999046326,0.015262654273299233
Timor-Leste,TLS,1995,3.60700011253357,0.09362408715034572
Timor-Leste,TLS,2000,3.97099995613098,0.16773485185997652
Timor-Leste,TLS,2005,3.6010000705719,0.09543026825506087
Timor-Leste,TLS,2010,3.30100011825562,0.03202493226022681
Timor-Leste,TLS,2015,3.34299993515015,0.03128223475343182
Timor-Leste,TLS,2019,3.00799989700317,0.03091708649717817
Togo,TGO,1990,1.84399998188019,0.05135505490802032
Togo,TGO,1995,2.18300008773804,0.07326211091474771
Togo,TGO,2000,2.10199999809265,0.0542569432796104
Togo,TGO,2005,1.97899997234344,0.06874781703744359
Togo,TGO,2010,1.93400001525879,0.06495964684625313
Togo,TGO,2015,1.69200003147125,0.06931012549503916
Togo,TGO,2019,1.66999995708466,0.06886430811953818
Tonga,TON,1990,1.19700002670288,0.34360306724589507
Tonga,TON,1995,1.83700001239777,0.3995061265316329
Tonga,TON,2000,3.7960000038147,0.4768048339848734
Tonga,TON,2005,2.13899993896484,0.483068232495912
Tonga,TON,2010,1.14600002765656,0.5005385340334276
Tonga,TON,2015,1.08000004291534,0.6951806392077872
Tonga,TON,2019,1.01800000667572,0.7212709671792785
Trinidad and Tobago,TTO,1990,3.43899989128113,0.16175449343059956
Trinidad and Tobago,TTO,1995,3.7720000743866,0.2003221176845798
Trinidad and Tobago,TTO,2000,3.61500000953674,0.24290831493907997
Trinidad and Tobago,TTO,2005,3.46900010108948,0.24908870175287043
Trinidad and Tobago,TTO,2010,3.77500009536743,0.2639263575492773
Trinidad and Tobago,TTO,2015,2.21099996566772,0.22564743623424466
Trinidad and Tobago,TTO,2019,2.81399989128113,0.24053104705660577
Tunisia,TUN,1990,15.0740003585815,0.05648483177911157
Tunisia,TUN,1995,15.8800001144409,0.052266651821652056
Tunisia,TUN,2000,14.9399995803833,0.05016094392970999
Tunisia,TUN,2005,12.8719997406006,0.057309995447606364
Tunisia,TUN,2010,13.048999786377,0.057956921345669175
Tunisia,TUN,2015,15.2180004119873,0.06796247460520616
Tunisia,TUN,2019,15.5100002288818,0.07031549119237326
Turkey,TUR,1990,8.21000003814697,0.04896043823495375
Turkey,TUR,1995,7.64400005340576,0.04739083523884573
Turkey,TUR,2000,6.49499988555908,0.04572871803650697
Turkey,TUR,2005,10.6359996795654,0.040498107688725006
Turkey,TUR,2010,10.6599998474121,0.037653786993037786
Turkey,TUR,2015,10.2360000610352,0.04073906884998969
Turkey,TUR,2019,11.8950004577637,0.04243297754496844
Turkmenistan,TKM,1990,1.39999997615814,0.07057256484653636
Turkmenistan,TKM,1995,8.30000019073486,0.057873859777496345
Turkmenistan,TKM,2000,11.7810001373291,0.049534413623336604
Turkmenistan,TKM,2005,7.36100006103516,0.048215787253141455
Turkmenistan,TKM,2010,4,0.04651151819277077
Turkmenistan,TKM,2015,3.83999991416931,0.04635663892985214
Turkmenistan,TKM,2019,3.8510000705719,0.0445797472802512
Uganda,UGA,1990,0.939999997615814,0.017955224245251578
Uganda,UGA,1995,1.6360000371933,0.017732440340423664
Uganda,UGA,2000,2.83299994468689,0.021893202298909283
Uganda,UGA,2005,1.89999997615814,0.020152044901521914
Uganda,UGA,2010,3.6800000667572,0.02159844557356572
Uganda,UGA,2015,1.87000000476837,0.01918941287628429
Uganda,UGA,2019,1.78699994087219,0.017202645152080233
Ukraine,UKR,1990,1.89999997615814,0.1068711940183458
Ukraine,UKR,1995,5.61999988555908,0.10883676537131452
Ukraine,UKR,2000,11.7069997787476,0.11381365502837897
Ukraine,UKR,2005,7.17999982833862,0.11819575991160203
Ukraine,UKR,2010,8.10000038146973,0.11844848672464121
Ukraine,UKR,2015,9.14000034332275,0.1271373812511836
Ukraine,UKR,2019,9.3120002746582,0.13224415673916728
United Arab Emirates,ARE,1990,1.63199996948242,0.043504489092293284
United Arab Emirates,ARE,1995,1.79999995231628,0.0405661900798728
United Arab Emirates,ARE,2000,2.25,0.03545654170211055
United Arab Emirates,ARE,2005,3.11999988555908,0.02290035907131843
United Arab Emirates,ARE,2010,2.66300010681152,0.014172651470388029
United Arab Emirates,ARE,2015,1.83599996566772,0.014797309697826815
United Arab Emirates,ARE,2019,2.64299988746643,0.016032048314191763
United Kingdom,GBR,1990,8.55200004577637,0.06627935368314046
United Kingdom,GBR,1995,8.69400024414063,0.06401182508566586
United Kingdom,GBR,2000,5.56199979782104,0.06564922665722846
United Kingdom,GBR,2005,4.75,0.06867935716382881
United Kingdom,GBR,2010,7.78700017929077,0.07090189148280293
United Kingdom,GBR,2015,5.30100011825562,0.06185093579327297
United Kingdom,GBR,2019,3.80900001525879,0.06429632839517749
United Republic of Tanzania,TZA,1990,3.59999990463257,0.008057103985522843
United Republic of Tanzania,TZA,1995,3.61199998855591,0.007729365460408879
United Republic of Tanzania,TZA,2000,3.15599989891052,0.006432067889422965
United Republic of Tanzania,TZA,2005,3.46600008010864,0.0061115486165004606
United Republic of Tanzania,TZA,2010,3.03500008583069,0.005933317210311293
United Republic of Tanzania,TZA,2015,2.12299990653992,0.0059033499704647975
United Republic of Tanzania,TZA,2019,1.91199994087219,0.005738325279001436
United States of America,USA,1990,6.80000019073486,0.00696743889785797
United States of America,USA,1995,5.65000009536743,0.006909113783339217
United States of America,USA,2000,3.99200010299683,0.007059065709500193
United States of America,USA,2005,5.08300018310547,0.007753263294695673
United States of America,USA,2010,9.63300037384033,0.008631531996404377
United States of America,USA,2015,5.28000020980835,0.009298528855248393
United States of America,USA,2019,3.86899995803833,0.009680278875189026
United States Virgin Islands,VIR,1990,8.72000026702881,0.02271962140376865
United States Virgin Islands,VIR,1995,9.23499965667725,0.029113877089168783
United States Virgin Islands,VIR,2000,8.9980001449585,0.03662487803980045
United States Virgin Islands,VIR,2005,8.77200031280518,0.03514854223910598
United States Virgin Islands,VIR,2010,9.24199962615967,0.03426604403920338
United States Virgin Islands,VIR,2015,8.92300033569336,0.22545724630953487
United States Virgin Islands,VIR,2019,8.35700035095215,0.24176224795984183
Uruguay,URY,1990,12.6400003433228,0.07637185606770772
Uruguay,URY,1995,13.3739995956421,0.07257214864337197
Uruguay,URY,2000,13.0349998474121,0.07098184915908975
Uruguay,URY,2005,12.0089998245239,0.09002279786007779
Uruguay,URY,2010,7.15799999237061,0.10071637481301769
Uruguay,URY,2015,7.48799991607666,0.17554613718779757
Uruguay,URY,2019,7.94199991226196,0.18364282133848067
Uzbekistan,UZB,1990,1.89999997615814,0.06962554851292052
Uzbekistan,UZB,1995,7.80000019073486,0.06652416063199473
Uzbekistan,UZB,2000,12.1190004348755,0.06393279622237368
Uzbekistan,UZB,2005,6.92700004577637,0.06611610043184163
Uzbekistan,UZB,2010,5.3600001335144,0.06584030053496905
Uzbekistan,UZB,2015,5.15000009536743,0.06235580164159124
Uzbekistan,UZB,2019,5.49900007247925,0.06006672654557371
Vanuatu,VUT,1990,5.99499988555908,0.03452204703458345
Vanuatu,VUT,1995,6.50299978256226,0.03447353084599008
Vanuatu,VUT,2000,6.57800006866455,0.03472417446964946
Vanuatu,VUT,2005,6.18699979782104,0.03553578425282633
Vanuatu,VUT,2010,5.63600015640259,0.033216065297551764
Vanuatu,VUT,2015,5.52600002288818,0.02540109910375097
Vanuatu,VUT,2019,5.39799976348877,0.025099084324176575
Venezuela (Bolivarian Republic of),VEN,1990,9.44999980926514,0.009471256194714268
Venezuela (Bolivarian Republic of),VEN,1995,10.2399997711182,0.011071545756698574
Venezuela (Bolivarian Republic of),VEN,2000,13.9899997711182,0.013195854606847112
Venezuela (Bolivarian Republic of),VEN,2005,10.6630001068115,0.016596722959474768
Venezuela (Bolivarian Republic of),VEN,2010,8.44999980926514,0.0196375590103214
Venezuela (Bolivarian Republic of),VEN,2015,6.82000017166138,0.022960139823944882
Venezuela (Bolivarian Republic of),VEN,2019,9.07900047302246,0.08727963216043397
Viet Nam,VNM,1990,1.96200001239777,0.01820699690487539
Viet Nam,VNM,1995,1.942999958992,0.020981475471096085
Viet Nam,VNM,2000,2.25999999046326,0.02358981705663087
Viet Nam,VNM,2005,2.22499990463257,0.0250234690748991
Viet Nam,VNM,2010,1.1139999628067,0.026784573342762102
Viet Nam,VNM,2015,1.85899996757507,0.026683901852924234
Viet Nam,VNM,2019,1.89400005340576,0.02809234774463723
Yemen,YEM,1990,8.04199981689453,0.0388977175306595
Yemen,YEM,1995,8.78600025177002,0.0326050244362169
Yemen,YEM,2000,11.4409999847412,0.03040920274211055
Yemen,YEM,2005,11.798999786377,0.03138097006929137
Yemen,YEM,2010,12.9049997329712,0.03789205330804274
Yemen,YEM,2015,14.0229997634888,0.041968588516617306
Yemen,YEM,2019,12.8090000152588,0.04447959304230402
Zambia,ZMB,1990,18.8999996185303,0.010601548244367038
Zambia,ZMB,1995,16.6159992218018,0.015489071914396213
Zambia,ZMB,2000,12.9300003051758,0.015380843061368225
Zambia,ZMB,2005,15.8999996185303,0.01526579194917245
Zambia,ZMB,2010,13.1899995803833,0.01530995479636019
Zambia,ZMB,2015,7.44600009918213,0.02681178417695775
Zambia,ZMB,2019,7.14499998092651,0.028417015803873506
Zimbabwe,ZWE,1990,4.51800012588501,0.01958941265886413
Zimbabwe,ZWE,1995,5.58799982070923,0.025239524888626602
Zimbabwe,ZWE,2000,5.70300006866455,0.029625609677988687
Zimbabwe,ZWE,2005,4.28399991989136,0.04139227118271309
Zimbabwe,ZWE,2010,5.12200021743774,0.056340416309286316
Zimbabwe,ZWE,2015,5.43800020217896,0.060582155336925805
Zimbabwe,ZWE,2019,4.8979997634887,0.0646618765902224
