pays,id,date,idh,pop
Afghanistan,AFG,2005,0.408,0.00340294134970165
Afghanistan,AFG,2010,0.463,0.0035033141620599566
Afghanistan,AFG,2015,0.493,0.01423126198090912
Afghanistan,AFG,2019,0.498,0.004028850878714108
Albania,ALB,1990,0.645,0.020085853155079107
Albania,ALB,1995,0.632,0.02238357429487067
Albania,ALB,2000,0.669,0.02482820642228119
Albania,ALB,2005,0.704,0.021497353300877608
Albania,ALB,2010,0.741,0.018120020418665023
Albania,ALB,2015,0.776,0.018061910582243292
Albania,ALB,2019,0.785,0.017150576197958678
Algeria,DZA,1990,0.577,0.010635327195460328
Algeria,DZA,1995,0.6,0.009111689234758519
Algeria,DZA,2000,0.644,0.00805708738433299
Algeria,DZA,2005,0.692,0.005955464365253841
Algeria,DZA,2010,0.729,0.0060305544124785926
Algeria,DZA,2015,0.749,0.0060278103429506
Algeria,DZA,2019,0.754,0.00589827767450217
Andorra,AND,2000,0.759,0.6445480960391498
Andorra,AND,2005,0.819,0.6377572368671307
Andorra,AND,2010,0.828,0.6163838529763526
Andorra,AND,2015,0.854,0.5417697504198126
Andorra,AND,2019,0.858,0.5856946211983481
Angola,AGO,2000,0.387,0.002812239695676971
Angola,AGO,2005,0.455,0.0031558225798799418
Angola,AGO,2010,0.52,0.014220007787210324
Angola,AGO,2015,0.572,0.022671401599339787
Angola,AGO,2019,0.581,0.021729444063865212
Antigua and Barbuda,ATG,2005,0.766,0.3037009758792119
Antigua and Barbuda,ATG,2010,0.766,0.30004089607852047
Antigua and Barbuda,ATG,2015,0.775,0.30014107688690334
Antigua and Barbuda,ATG,2019,0.78,0.30333589514571174
Argentina,ARG,1990,0.704,0.050582073427868
Argentina,ARG,1995,0.731,0.045798243203705506
Argentina,ARG,2000,0.771,0.04177342349649331
Argentina,ARG,2005,0.782,0.04301779158788521
Argentina,ARG,2010,0.813,0.04427618277162902
Argentina,ARG,2015,0.822,0.04837020413120051
Argentina,ARG,2019,0.825,0.0497337626118391
Armenia,ARM,1990,0.631,0.18619478821119725
Armenia,ARM,1995,0.605,0.2157052951685674
Armenia,ARM,2000,0.647,0.21432822809292834
Armenia,ARM,2005,0.693,0.15735547513491738
Armenia,ARM,2010,0.728,0.07338324322051187
Armenia,ARM,2015,0.748,0.06535482351541742
Armenia,ARM,2019,0.755,0.06442189380223974
Australia,AUS,1990,0.866,0.23177203766752025
Australia,AUS,1995,0.883,0.2298212704736609
Australia,AUS,2000,0.898,0.2290111209732157
Australia,AUS,2005,0.908,0.2391800851197364
Australia,AUS,2010,0.923,0.2670228193402703
Australia,AUS,2015,0.936,0.28257185979422655
Australia,AUS,2019,0.939,0.30206300171064215
Austria,AUT,1990,0.795,0.10331525101428134
Austria,AUT,1995,0.817,0.11258954455292076
Austria,AUT,2000,0.838,0.12438854026790767
Austria,AUT,2005,0.855,0.13810082829869216
Austria,AUT,2010,0.895,0.15256849962048946
Austria,AUT,2015,0.903,0.1726745314166327
Austria,AUT,2019,0.908,0.20118114121145872
Azerbaijan,AZE,1995,0.612,0.04477163305139883
Azerbaijan,AZE,2000,0.64,0.0406952761971026
Azerbaijan,AZE,2005,0.679,0.036013513110935015
Azerbaijan,AZE,2010,0.74,0.030582156695822506
Azerbaijan,AZE,2015,0.758,0.027384357128637075
Azerbaijan,AZE,2019,0.757,0.025535955641804026
Bahamas,BHS,2000,0.776,0.12230792716682716
Bahamas,BHS,2005,0.786,0.1403531993880422
Bahamas,BHS,2010,0.789,0.15421111054763878
Bahamas,BHS,2015,0.807,0.1584848986921642
Bahamas,BHS,2019,0.807,0.1632662586868582
Bahrain,BHR,1990,0.746,0.3492663293885641
Bahrain,BHR,1995,0.775,0.36540730214991385
Bahrain,BHR,2000,0.792,0.3601520287807454
Bahrain,BHR,2005,0.791,0.45437961950776234
Bahrain,BHR,2010,0.796,0.5301613397160034
Bahrain,BHR,2015,0.832,0.5132751297334769
Bahrain,BHR,2019,0.846,0.47224581522442094
Bangladesh,BGD,1990,0.387,0.008545122474948522
Bangladesh,BGD,1995,0.425,0.008116137606404727
Bangladesh,BGD,2000,0.468,0.007738286122215402
Bangladesh,BGD,2005,0.505,0.008391381755329332
Bangladesh,BGD,2010,0.545,0.009117683072310886
Bangladesh,BGD,2015,0.592,0.009105586261379991
Bangladesh,BGD,2019,0.608,0.01354528168604833
Barbados,BRB,1990,0.716,0.09206855320844959
Barbados,BRB,1995,0.731,0.09860314714895377
Barbados,BRB,2000,0.752,0.10468666556175533
Barbados,BRB,2005,0.767,0.11082682223340076
Barbados,BRB,2010,0.782,0.11634666165717344
Barbados,BRB,2015,0.797,0.12082755043389269
Barbados,BRB,2019,0.8,0.12143063972006796
Belarus,BLR,1995,0.657,0.11637061016284089
Belarus,BLR,2000,0.683,0.11258816727306979
Belarus,BLR,2005,0.725,0.11454798598704562
Belarus,BLR,2010,0.792,0.11489051831694638
Belarus,BLR,2015,0.805,0.11411473340965535
Belarus,BLR,2019,0.808,0.11274132649952252
Belgium,BEL,1990,0.806,0.12847740614659078
Belgium,BEL,1995,0.852,0.12706195271866072
Belgium,BEL,2000,0.873,0.12372813071576637
Belgium,BEL,2005,0.889,0.11916963851241055
Belgium,BEL,2010,0.903,0.1380197448765032
Belgium,BEL,2015,0.913,0.15819203427011558
Belgium,BEL,2019,0.916,0.17351665215090648
Belize,BLZ,1990,0.644,0.16210970824091453
Belize,BLZ,1995,0.662,0.1616037649241652
Belize,BLZ,2000,0.677,0.14753654246608577
Belize,BLZ,2005,0.693,0.14596194503171248
Belize,BLZ,2010,0.699,0.1437679865039198
Belize,BLZ,2015,0.709,0.15147963749504756
Belize,BLZ,2019,0.708,0.1566237068324149
Benin,BEN,1990,0.348,0.015416503297381378
Benin,BEN,1995,0.373,0.017898901340059652
Benin,BEN,2000,0.398,0.019611995483218566
Benin,BEN,2005,0.44,0.027797888433362877
Benin,BEN,2010,0.473,0.033603141296489204
Benin,BEN,2015,0.508,0.03463366702118164
Benin,BEN,2019,0.515,0.03396694554519929
Bhutan,BTN,2005,0.51,0.062088143305705376
Bhutan,BTN,2010,0.566,0.07063426418265129
Bhutan,BTN,2015,0.603,0.07021250872401343
Bhutan,BTN,2019,0.612,0.07059175974358227
Bolivia,BOL,1990,0.536,0.010744311376722144
Bolivia,BOL,1995,0.571,0.01096750104757884
Bolivia,BOL,2000,0.608,0.011006782395990433
Bolivia,BOL,2005,0.624,0.011670432067567951
Bolivia,BOL,2010,0.649,0.01222519776406441
Bolivia,BOL,2015,0.681,0.013154788573405227
Bolivia,BOL,2019,0.693,0.013750730854947468
Bosnia and Herzegovina,BIH,2000,0.672,0.02211359850884096
Bosnia and Herzegovina,BIH,2005,0.7,0.012554540357806525
Bosnia and Herzegovina,BIH,2010,0.713,0.010468841756191923
Bosnia and Herzegovina,BIH,2015,0.755,0.01124815964256898
Bosnia and Herzegovina,BIH,2019,0.768,0.010750831320404256
Botswana,BWA,1990,0.581,0.021379344646537495
Botswana,BWA,1995,0.577,0.027340532843625056
Botswana,BWA,2000,0.565,0.04559876446297588
Botswana,BWA,2005,0.596,0.047031868545999674
Botswana,BWA,2010,0.66,0.047613991208315616
Botswana,BWA,2015,0.706,0.048694874749848634
Botswana,BWA,2019,0.717,0.04906380566126295
Brazil,BRA,1990,0.611,0.005359058575531618
Brazil,BRA,1995,0.648,0.0045769502283842965
Brazil,BRA,2000,0.684,0.003916669536771883
Brazil,BRA,2005,0.7,0.003430892060894538
Brazil,BRA,2010,0.727,0.0030277297746781925
Brazil,BRA,2015,0.757,0.0035044837901314387
Brazil,BRA,2019,0.759,0.003852621233104323
Brunei,BRN,1990,0.782,0.28293026078285105
Brunei,BRN,1995,0.805,0.2852373163162961
Brunei,BRN,2000,0.819,0.28903396215088617
Brunei,BRN,2005,0.838,0.2696171606676271
Brunei,BRN,2010,0.842,0.25881393350246756
Brunei,BRN,2015,0.852,0.24760488495012134
Brunei,BRN,2019,0.853,0.2579272756094945
Bulgaria,BGR,1990,0.694,0.002467227227727826
Bulgaria,BGR,1995,0.696,0.003858522659883629
Bulgaria,BGR,2000,0.712,0.005307109813600008
Bulgaria,BGR,2005,0.75,0.007974177213338814
Bulgaria,BGR,2010,0.779,0.010315188803503272
Bulgaria,BGR,2015,0.807,0.017247583620542295
Bulgaria,BGR,2019,0.813,0.023990720103140337
Burkina Faso,BFA,2000,0.286,0.04482818745993045
Burkina Faso,BFA,2005,0.324,0.0445284694526048
Burkina Faso,BFA,2010,0.375,0.043218751780254
Burkina Faso,BFA,2015,0.412,0.03890953729700313
Burkina Faso,BFA,2019,0.423,0.036368717671816396
Burundi,BDI,1990,0.297,0.061245198298129584
Burundi,BDI,1995,0.296,0.042567424352890064
Burundi,BDI,2000,0.303,0.01969439419608893
Burundi,BDI,2005,0.33,0.023472809130707404
Burundi,BDI,2010,0.395,0.027117311282836627
Burundi,BDI,2015,0.418,0.028524522073261595
Burundi,BDI,2019,0.417,0.0287254712994943
Cambodia,KHM,1990,0.364,0.00427548161977415
Cambodia,KHM,1995,0.387,0.00865510563020111
Cambodia,KHM,2000,0.42,0.012018274589253242
Cambodia,KHM,2005,0.49,0.008590971053736681
Cambodia,KHM,2010,0.537,0.005727765910678238
Cambodia,KHM,2015,0.571,0.004765216311171209
Cambodia,KHM,2019,0.582,0.004839998626444464
Cameroon,CMR,1990,0.44,0.022577675141306246
Cameroon,CMR,1995,0.422,0.017999354117077163
Cameroon,CMR,2000,0.431,0.014647596082105486
Cameroon,CMR,2005,0.466,0.014971908956032709
Cameroon,CMR,2010,0.506,0.014329214230341206
Cameroon,CMR,2015,0.548,0.02181895315586053
Cameroon,CMR,2019,0.556,0.02005422141297292
Canada,CAN,1990,0.849,0.15648753763749254
Canada,CAN,1995,0.861,0.1660202842021573
Canada,CAN,2000,0.867,0.17962466592777815
Canada,CAN,2005,0.892,0.18853217862077035
Canada,CAN,2010,0.902,0.19883099750744665
Canada,CAN,2015,0.92,0.20806868168833753
Canada,CAN,2019,0.926,0.2148111911495595
Cape Verde,CPV,2000,0.57,0.025752706754976786
Cape Verde,CPV,2005,0.598,0.027427909950068247
Cape Verde,CPV,2010,0.629,0.029174633718593575
Cape Verde,CPV,2015,0.647,0.028440589012144992
Cape Verde,CPV,2019,0.654,0.028806455706212403
Central African Republic,CAF,1990,0.317,0.02395453220718458
Central African Republic,CAF,1995,0.303,0.030940938157842476
Central African Republic,CAF,2000,0.309,0.03393255791147577
Central African Republic,CAF,2005,0.319,0.02338783205749233
Central African Republic,CAF,2010,0.351,0.02130634672268969
Central African Republic,CAF,2015,0.357,0.018160452420006364
Central African Republic,CAF,2019,0.367,0.019425991513330364
Chad,TCD,2000,0.299,0.012545397403961437
Chad,TCD,2005,0.33,0.03486924799584178
Chad,TCD,2010,0.371,0.03488280253839146
Chad,TCD,2015,0.407,0.03309253967213463
Chad,TCD,2019,0.404,0.033094601405591804
Chile,CHL,1990,0.701,0.008098233750216484
Chile,CHL,1995,0.727,0.009903228359126635
Chile,CHL,2000,0.759,0.011558331371987075
Chile,CHL,2005,0.788,0.01707747417755024
Chile,CHL,2010,0.808,0.02200071548566989
Chile,CHL,2015,0.84,0.03560083660218596
Chile,CHL,2019,0.843,0.05018868972233672
China,CHN,1990,0.502,0.00033154155490074306
China,CHN,1995,0.55,0.0003670134580509688
China,CHN,2000,0.594,0.0004023569570227578
China,CHN,2005,0.647,0.0005207767005185163
China,CHN,2010,0.706,0.0006353127184244658
China,CHN,2015,0.743,0.000713267017692274
China,CHN,2019,0.752,0.0007401800779763486
Colombia,COL,1990,0.592,0.003150117475755285
Colombia,COL,1995,0.625,0.0029362651743734007
Colombia,COL,2000,0.653,0.0027658109640663854
Colombia,COL,2005,0.683,0.0025232765650817983
Colombia,COL,2010,0.719,0.002747978338312396
Colombia,COL,2015,0.742,0.0029278629443479825
Colombia,COL,2019,0.747,0.02300804140129794
Comoros,COM,2005,0.455,0.02159649590354906
Comoros,COM,2010,0.482,0.018295123040429642
Comoros,COM,2015,0.502,0.016149488567371216
Comoros,COM,2019,0.503,0.015023031951576433
Congo,COG,1990,0.536,0.05490260474545951
Congo,COG,1995,0.507,0.07077834947407921
Congo,COG,2000,0.49,0.09780614060639935
Congo,COG,2005,0.5,0.08797786227408547
Congo,COG,2010,0.557,0.09948520391199166
Congo,COG,2015,0.613,0.08034068526254119
Congo,COG,2019,0.606,0.07668080947104539
Costa Rica,CRI,1990,0.656,0.1338794582220551
Costa Rica,CRI,1995,0.687,0.10274531283580979
Costa Rica,CRI,2000,0.711,0.07847471161213536
Costa Rica,CRI,2005,0.728,0.08357830657878587
Costa Rica,CRI,2010,0.754,0.08856686076614166
Costa Rica,CRI,2015,0.788,0.08492443176333037
Costa Rica,CRI,2019,0.794,0.08356294233695327
Cote d'Ivoire,CIV,1990,0.388,0.1523224096986493
Cote d'Ivoire,CIV,1995,0.387,0.14622738043074243
Cote d'Ivoire,CIV,2000,0.394,0.13149119751307045
Cote d'Ivoire,CIV,2005,0.413,0.12340778949527076
Cote d'Ivoire,CIV,2010,0.442,0.11525557701158382
Cote d'Ivoire,CIV,2015,0.478,0.10625888250149843
Cote d'Ivoire,CIV,2019,0.492,0.10168406056684073
Croatia,HRV,1990,0.67,0.09951881454390786
Croatia,HRV,1995,0.696,0.14590489672144985
Croatia,HRV,2000,0.75,0.13098890809081393
Croatia,HRV,2005,0.783,0.13439756667119088
Croatia,HRV,2010,0.808,0.1334554166558994
Croatia,HRV,2015,0.827,0.1334790337053633
Croatia,HRV,2019,0.831,0.12668924536606838
Cuba,CUB,1990,0.676,0.003260832536644614
Cuba,CUB,1995,0.654,0.0024050692434377896
Cuba,CUB,2000,0.686,0.0016014121330921059
Cuba,CUB,2005,0.731,0.0010597978152625449
Cuba,CUB,2010,0.779,0.0005914929067172927
Cuba,CUB,2015,0.772,0.0004690598431881376
Cuba,CUB,2019,0.777,0.00043093495598660027
Cyprus,CYP,1990,0.732,0.05714080731527559
Cyprus,CYP,1995,0.786,0.07241317631984737
Cyprus,CYP,2000,0.802,0.08489011862735744
Cyprus,CYP,2005,0.831,0.1140112215884211
Cyprus,CYP,2010,0.85,0.17244645932274683
Cyprus,CYP,2015,0.86,0.16539404040534547
Cyprus,CYP,2019,0.869,0.16137866665545525
Czech Republic,CZE,1990,0.73,0.010683267922180164
Czech Republic,CZE,1995,0.753,0.016034467248938318
Czech Republic,CZE,2000,0.796,0.021529755594870553
Czech Republic,CZE,2005,0.835,0.03158683549540035
Czech Republic,CZE,2010,0.862,0.0380444340063068
Czech Republic,CZE,2015,0.882,0.03948906411390264
Czech Republic,CZE,2019,0.888,0.048251432023975846
Democratic Republic of Congo,COD,1990,0.356,0.021789942760641296
Democratic Republic of Congo,COD,1995,0.333,0.04370196203917844
Democratic Republic of Congo,COD,2000,0.333,0.01580244023318899
Democratic Republic of Congo,COD,2005,0.364,0.011369147278634797
Democratic Republic of Congo,COD,2010,0.407,0.009121977135999347
Democratic Republic of Congo,COD,2015,0.444,0.010813783606601412
Democratic Republic of Congo,COD,2019,0.457,0.011464908843951268
Denmark,DNK,1990,0.799,0.04574825727362258
Denmark,DNK,1995,0.831,0.05791828711616772
Denmark,DNK,2000,0.863,0.0694855210561958
Denmark,DNK,2005,0.903,0.0812599918220212
Denmark,DNK,2010,0.91,0.09026687357586942
Denmark,DNK,2015,0.926,0.10484345602863596
Denmark,DNK,2019,0.929,0.12468904410666352
Djibouti,DJI,1995,0.355,0.15827395191532834
Djibouti,DJI,2000,0.363,0.1400630448839439
Djibouti,DJI,2005,0.405,0.11757488630763456
Djibouti,DJI,2010,0.449,0.12089412257586903
Djibouti,DJI,2015,0.47,0.12292326090024759
Djibouti,DJI,2019,0.476,0.12028219246652484
Dominica,DMA,2000,0.693,0.053452979181622395
Dominica,DMA,2005,0.705,0.0672059386023318
Dominica,DMA,2010,0.722,0.11442196450238439
Dominica,DMA,2015,0.721,0.1136928761080595
Dominica,DMA,2019,0.715,0.11537870855148342
Dominican Republic,DOM,1990,0.598,0.04081464146461748
Dominican Republic,DOM,1995,0.629,0.04135705138870789
Dominican Republic,DOM,2000,0.657,0.041978222758882584
Dominican Republic,DOM,2005,0.675,0.041331249628322034
Dominican Republic,DOM,2010,0.703,0.040610117191936024
Dominican Republic,DOM,2015,0.729,0.05342405132235199
Dominican Republic,DOM,2019,0.736,0.053414810064584484
Ecuador,ECU,1990,0.643,0.007688740832459675
Ecuador,ECU,1995,0.662,0.01004722395166424
Ecuador,ECU,2000,0.67,0.011948705173824117
Ecuador,ECU,2005,0.693,0.013554612603481002
Ecuador,ECU,2010,0.715,0.021675002599739913
Ecuador,ECU,2015,0.743,0.02390282025312083
Ecuador,ECU,2019,0.752,0.02233077896932264
Egypt,EGY,1990,0.546,0.0030967244282591047
Egypt,EGY,1995,0.576,0.0026783923530442457
Egypt,EGY,2000,0.611,0.002684437158122856
Egypt,EGY,2005,0.634,0.003773735851916638
Egypt,EGY,2010,0.665,0.0037459204179347977
Egypt,EGY,2015,0.691,0.0038255220293746343
Egypt,EGY,2019,0.696,0.005121261827511991
El Salvador,SLV,1990,0.529,0.008986582554075565
El Salvador,SLV,1995,0.577,0.007024304445155101
El Salvador,SLV,2000,0.615,0.005386097946716812
El Salvador,SLV,2005,0.651,0.005951465295731762
El Salvador,SLV,2010,0.671,0.006520830385478361
El Salvador,SLV,2015,0.674,0.006647300511420803
El Salvador,SLV,2019,0.674,0.006637392800585103
Equatorial Guinea,GNQ,2000,0.516,0.007451569745670023
Equatorial Guinea,GNQ,2005,0.567,0.008789449458664372
Equatorial Guinea,GNQ,2010,0.581,0.009175118874908732
Equatorial Guinea,GNQ,2015,0.593,0.17937424266281465
Equatorial Guinea,GNQ,2019,0.591,0.173889626531925
Eritrea,ERI,2005,0.408,0.005063928829052248
Eritrea,ERI,2010,0.416,0.004944431915494246
Estonia,EST,1990,0.733,0.24343826752163877
Estonia,EST,1995,0.727,0.21978806014614719
Estonia,EST,2000,0.78,0.17860750115427151
Estonia,EST,2005,0.825,0.17250170692550423
Estonia,EST,2010,0.845,0.16364558102855856
Estonia,EST,2015,0.866,0.14798765705215192
Estonia,EST,2019,0.871,0.1440262733139322
Ethiopia,ETH,2000,0.283,0.009231948802747683
Ethiopia,ETH,2005,0.346,0.006735649611151481
Ethiopia,ETH,2010,0.412,0.0064895964585288965
Ethiopia,ETH,2015,0.451,0.011520173786486893
Ethiopia,ETH,2019,0.463,0.01147253888202927
Fiji,FJI,1990,0.643,0.018231529304544636
Fiji,FJI,1995,0.673,0.016766289454170295
Fiji,FJI,2000,0.683,0.01568299124790692
Fiji,FJI,2005,0.695,0.01513502855390188
Fiji,FJI,2010,0.711,0.015527704700297039
Fiji,FJI,2015,0.738,0.01583073056674499
Fiji,FJI,2019,0.741,0.015889383270532652
Finland,FIN,1990,0.784,0.01268542570828715
Finland,FIN,1995,0.816,0.019524882581312075
Finland,FIN,2000,0.858,0.026313272899142984
Finland,FIN,2005,0.895,0.036630858451694365
Finland,FIN,2010,0.903,0.042600411086201315
Finland,FIN,2015,0.915,0.057460392139400254
Finland,FIN,2019,0.92,0.06942959922436368
France,FRA,1990,0.779,0.10126550043695708
France,FRA,1995,0.825,0.10224720914594948
France,FRA,2000,0.849,0.10307766057869895
France,FRA,2005,0.869,0.10664243765340356
France,FRA,2010,0.882,0.11241375130681236
France,FRA,2015,0.898,0.11824258890893126
France,FRA,2019,0.901,0.12442480840083524
Gabon,GAB,1990,0.62,0.13500749877828894
Gabon,GAB,1995,0.632,0.15800509887128023
Gabon,GAB,2000,0.633,0.17456690221107818
Gabon,GAB,2005,0.647,0.16815229092969755
Gabon,GAB,2010,0.665,0.16675225042176167
Gabon,GAB,2015,0.694,0.19442867074056086
Gabon,GAB,2019,0.702,0.19415271732078188
Gambia,GMB,1990,0.333,0.1236122491479113
Gambia,GMB,1995,0.353,0.1336995769000731
Gambia,GMB,2000,0.385,0.13850920882778592
Gambia,GMB,2005,0.416,0.11783388534734777
Gambia,GMB,2010,0.441,0.1035932491484478
Gambia,GMB,2015,0.457,0.092307249767482
Gambia,GMB,2019,0.46,0.09447208940652654
Georgia,GEO,2000,0.673,0.018669255415143637
Georgia,GEO,2005,0.712,0.018529551419883154
Georgia,GEO,2010,0.735,0.01928700357435706
Georgia,GEO,2015,0.771,0.020585051953197563
Georgia,GEO,2019,0.78,0.021183328866255697
Germany,DEU,1990,0.801,0.07473189773488305
Germany,DEU,1995,0.834,0.09138815028776825
Germany,DEU,2000,0.868,0.1093840901203272
Germany,DEU,2005,0.903,0.11401131197451583
Germany,DEU,2010,0.921,0.11998815558373248
Germany,DEU,2015,0.933,0.12511741979355712
Germany,DEU,2019,0.936,0.15835614450823934
Ghana,GHA,1990,0.455,0.011158729373313721
Ghana,GHA,1995,0.473,0.01486294538686452
Ghana,GHA,2000,0.484,0.00993840090926557
Ghana,GHA,2005,0.509,0.013955580843361995
Ghana,GHA,2010,0.554,0.013600572309041556
Ghana,GHA,2015,0.585,0.014892489749707397
Ghana,GHA,2019,0.592,0.01568106649796144
Greece,GRC,1990,0.753,0.06062092862147232
Greece,GRC,1995,0.768,0.08121923626745418
Greece,GRC,2000,0.796,0.10287661968452522
Greece,GRC,2005,0.845,0.10837107231121273
Greece,GRC,2010,0.856,0.11879403751759793
Greece,GRC,2015,0.866,0.11486345430405263
Greece,GRC,2019,0.87,0.11292127981589288
Grenada,GRD,2005,0.727,0.06594624549736769
Grenada,GRD,2010,0.743,0.06570463038792089
Grenada,GRD,2015,0.767,0.06438927362475935
Grenada,GRD,2019,0.772,0.0639187467475371
Guatemala,GTM,1990,0.478,0.02852572693339125
Guatemala,GTM,1995,0.507,0.015005828415632663
Guatemala,GTM,2000,0.546,0.0041301228599755395
Guatemala,GTM,2005,0.571,0.00437170720771214
Guatemala,GTM,2010,0.611,0.004537396302511405
Guatemala,GTM,2015,0.645,0.004820940919046624
Guatemala,GTM,2019,0.65,0.004662679725022433
Guinea,GIN,1990,0.276,0.06353951799691544
Guinea,GIN,1995,0.295,0.10653988341902093
Guinea,GIN,2000,0.329,0.0679642458859834
Guinea,GIN,2005,0.371,0.025205440294125494
Guinea,GIN,2010,0.404,0.017464180367371993
Guinea,GIN,2015,0.443,0.011055373261647392
Guinea,GIN,2019,0.459,0.00971797242506596
Guinea-Bissau,GNB,2005,0.396,0.015417902790479802
Guinea-Bissau,GNB,2010,0.426,0.01383226969149461
Guinea-Bissau,GNB,2015,0.449,0.0128557300762951
Guinea-Bissau,GNB,2019,0.455,0.014360492320103035
Guyana,GUY,1990,0.538,0.0055091489542034335
Guyana,GUY,1995,0.578,0.008343721389061476
Guyana,GUY,2000,0.604,0.011530503605793375
Guyana,GUY,2005,0.614,0.014565182138487167
Guyana,GUY,2010,0.63,0.017514504240522207
Guyana,GUY,2015,0.651,0.020046075743518642
Guyana,GUY,2019,0.654,0.020152656469029685
Haiti,HTI,1990,0.409,0.002711597763940666
Haiti,HTI,1995,0.418,0.0023408861743613504
Haiti,HTI,2000,0.442,0.0020347819881504844
Haiti,HTI,2005,0.453,0.0017791721151093909
Haiti,HTI,2010,0.47,0.0017265498091226718
Haiti,HTI,2015,0.493,0.0016863100532913619
Haiti,HTI,2019,0.498,0.0016862090467686568
Honduras,HND,1990,0.506,0.054572444914064794
Honduras,HND,1995,0.529,0.02617649912927171
Honduras,HND,2000,0.554,0.004328992476852644
Honduras,HND,2005,0.58,0.0037371036407768616
Honduras,HND,2010,0.596,0.0032808053410472173
Honduras,HND,2015,0.609,0.00420469145112278
Honduras,HND,2019,0.617,0.004060799026067424
Hong Kong,HKG,1990,0.781,0.38889876413357877
Hong Kong,HKG,1995,0.808,0.3969717840840792
Hong Kong,HKG,2000,0.827,0.40046841710427605
Hong Kong,HKG,2005,0.871,0.39940629953619444
Hong Kong,HKG,2010,0.901,0.39576748953617497
Hong Kong,HKG,2015,0.927,0.3893222059166404
Hong Kong,HKG,2019,0.933,0.39488041873574015
Hungary,HUN,1990,0.704,0.033498207246817714
Hungary,HUN,1995,0.741,0.03119712381637463
Hungary,HUN,2000,0.769,0.02908215095312679
Hungary,HUN,2005,0.804,0.03636211326089402
Hungary,HUN,2010,0.823,0.04366149957855097
Hungary,HUN,2015,0.834,0.04830911788526864
Hungary,HUN,2019,0.838,0.0524162421427025
Iceland,ISL,1990,0.802,0.0376099770039164
Iceland,ISL,1995,0.826,0.04762438871192068
Iceland,ISL,2000,0.86,0.05651393111786775
Iceland,ISL,2005,0.889,0.08590859153315765
Iceland,ISL,2010,0.891,0.11033483104379624
Iceland,ISL,2015,0.927,0.11810830826897209
Iceland,ISL,2019,0.935,0.14821225542602115
India,IND,1990,0.427,0.008696890058803487
India,IND,1995,0.46,0.0072124443254565586
India,IND,2000,0.493,0.006068028931833629
India,IND,2005,0.535,0.005161984800432978
India,IND,2010,0.581,0.004407227568739463
India,IND,2015,0.627,0.004000267440642171
India,IND,2019,0.64,0.003810935209311469
Indonesia,IDN,1990,0.528,0.002566579948707428
Indonesia,IDN,1995,0.564,0.0019242969709790466
Indonesia,IDN,2000,0.606,0.0013819758720922935
Indonesia,IDN,2005,0.632,0.0012796353272646755
Indonesia,IDN,2010,0.661,0.001262914761668443
Indonesia,IDN,2015,0.686,0.0013086142083448317
Indonesia,IDN,2019,0.694,0.0013193247706770259
Iran,IRN,1990,0.577,0.07613782205749235
Iran,IRN,1995,0.64,0.04781153369261463
Iran,IRN,2000,0.67,0.04272568605667444
Iran,IRN,2005,0.695,0.03682401912309516
Iran,IRN,2010,0.755,0.037438539754858426
Iran,IRN,2015,0.789,0.03473490969773244
Iran,IRN,2019,0.798,0.03278979437096961
Iraq,IRQ,1990,0.572,0.0048015074016685005
Iraq,IRQ,1995,0.553,0.009899084525754642
Iraq,IRQ,2000,0.607,0.008959431362840053
Iraq,IRQ,2005,0.631,0.0049369882584999105
Iraq,IRQ,2010,0.649,0.0039469132783914555
Iraq,IRQ,2015,0.668,0.010102843898508447
Iraq,IRQ,2019,0.685,0.00957656841929978
Ireland,IRL,1990,0.763,0.06487270537573699
Ireland,IRL,1995,0.795,0.06287115447868166
Ireland,IRL,2000,0.857,0.09212509073172476
Ireland,IRL,2005,0.896,0.14160052347236024
Ireland,IRL,2010,0.909,0.16020113351410203
Ireland,IRL,2015,0.929,0.16147659368216255
Ireland,IRL,2019,0.938,0.17174471402734437
Israel,ISR,1990,0.792,0.3503656652360515
Israel,ISR,1995,0.823,0.32320739404869253
Israel,ISR,2000,0.853,0.2943725552552075
Israel,ISR,2005,0.872,0.27265162118872743
Israel,ISR,2010,0.887,0.25586533920982213
Israel,ISR,2015,0.901,0.24006002315008174
Israel,ISR,2019,0.903,0.22021499808640446
Italy,ITA,1990,0.769,0.025180503123807724
Italy,ITA,1995,0.8,0.031224835319029243
Italy,ITA,2000,0.83,0.03726044002445431
Italy,ITA,2005,0.857,0.06822192862713769
Italy,ITA,2010,0.87,0.09764077608172435
Italy,ITA,2015,0.876,0.0955915093980163
Italy,ITA,2019,0.88,0.1038158001709148
Jamaica,JAM,1990,0.638,0.008461072454880479
Jamaica,JAM,1995,0.657,0.008964321503123285
Jamaica,JAM,2000,0.662,0.00939917527435293
Jamaica,JAM,2005,0.695,0.008873712911993162
Jamaica,JAM,2010,0.712,0.00842459953174925
Jamaica,JAM,2015,0.73,0.008013431932870775
Jamaica,JAM,2019,0.732,0.007996306461477655
Japan,JPN,1990,0.816,0.00870441244323563
Japan,JPN,1995,0.84,0.010860824783360836
Japan,JPN,2000,0.855,0.013295522811664814
Japan,JPN,2005,0.873,0.015743193006347193
Japan,JPN,2010,0.885,0.01666394159444054
Japan,JPN,2015,0.905,0.017556799144257163
Japan,JPN,2019,0.909,0.019749535877517505
Jordan,JOR,1990,0.617,0.3214762653923705
Jordan,JOR,1995,0.684,0.33496395496642617
Jordan,JOR,2000,0.702,0.376348976953214
Jordan,JOR,2005,0.729,0.40332313786772833
Jordan,JOR,2010,0.728,0.3749870378717239
Jordan,JOR,2015,0.733,0.33583346597853037
Jordan,JOR,2019,0.735,0.33614898577351915
Kazakhstan,KAZ,1990,0.69,0.2213848788842672
Kazakhstan,KAZ,1995,0.664,0.20561740648141275
Kazakhstan,KAZ,2000,0.685,0.1931111410619966
Kazakhstan,KAZ,2005,0.747,0.2048604383077368
Kazakhstan,KAZ,2010,0.765,0.20432319282984207
Kazakhstan,KAZ,2015,0.797,0.20213755997757712
Kazakhstan,KAZ,2019,0.8,0.20274977171503142
Kenya,KEN,1990,0.468,0.012564564370141194
Kenya,KEN,1995,0.456,0.022282425972411125
Kenya,KEN,2000,0.451,0.022144902555665015
Kenya,KEN,2005,0.49,0.02111552811277684
Kenya,KEN,2010,0.543,0.02271971547638206
Kenya,KEN,2015,0.578,0.02353644871868563
Kenya,KEN,2019,0.59,0.020330663644725227
Kiribati,KIR,2000,0.552,0.02705104507322622
Kiribati,KIR,2005,0.585,0.0269374492282697
Kiribati,KIR,2010,0.59,0.027864408755720074
Kiribati,KIR,2015,0.621,0.026313891643378707
Kiribati,KIR,2019,0.612,0.026086130844993827
Korea,PRK,1990,0.728,0.0016805257601936112
Korea,PRK,1995,0.778,0.0016074704677673652
Korea,PRK,2000,0.817,0.0015780401084649076
Korea,PRK,2005,0.855,0.0016774062865273656
Korea,PRK,2010,0.884,0.0017927530250314108
Korea,PRK,2015,0.898,0.0019241709552314773
Korea,PRK,2019,0.903,0.0019332035189760053
Kuwait,KWT,1990,0.713,0.5127516054643056
Kuwait,KWT,1995,0.747,0.5741038831160825
Kuwait,KWT,2000,0.786,0.5513800392445833
Kuwait,KWT,2005,0.783,0.5873174938926032
Kuwait,KWT,2010,0.792,0.6255379553485363
Kuwait,KWT,2015,0.802,0.7472475558525401
Kuwait,KWT,2019,0.803,0.7335311430690818
Kyrgyzstan,KGZ,1990,0.618,0.14189355984696667
Kyrgyzstan,KGZ,1995,0.563,0.11366064380317516
Kyrgyzstan,KGZ,2000,0.594,0.07958190429528009
Kyrgyzstan,KGZ,2005,0.616,0.059930848797117735
Kyrgyzstan,KGZ,2010,0.636,0.0425971475247343
Kyrgyzstan,KGZ,2015,0.666,0.03431012775101143
Kyrgyzstan,KGZ,2019,0.672,0.03170778048703252
Laos,LAO,1990,0.4,0.005369531606642007
Laos,LAO,1995,0.428,0.004854241725391382
Laos,LAO,2000,0.466,0.004122696620771268
Laos,LAO,2005,0.506,0.0035417502654878333
Laos,LAO,2010,0.546,0.005273504540206571
Laos,LAO,2015,0.593,0.006755213194635229
Laos,LAO,2019,0.601,0.006836359434324713
Latvia,LVA,1990,0.704,0.242572426422685
Latvia,LVA,1995,0.673,0.21653153892709057
Latvia,LVA,2000,0.728,0.18169753542691813
Latvia,LVA,2005,0.802,0.1682710238837877
Latvia,LVA,2010,0.816,0.14959607733766217
Latvia,LVA,2015,0.841,0.1342171307901232
Latvia,LVA,2019,0.847,0.12315641185087063
Lebanon,LBN,2005,0.732,0.16106026203066637
Lebanon,LBN,2010,0.758,0.16568643107767095
Lebanon,LBN,2015,0.752,0.3020513180046529
Lebanon,LBN,2019,0.757,0.27214095642746855
Lesotho,LSO,1990,0.499,0.004836398831516651
Lesotho,LSO,1995,0.492,0.0037943787995141677
Lesotho,LSO,2000,0.467,0.0030337405868937684
Lesotho,LSO,2005,0.461,0.0031511226312725626
Lesotho,LSO,2010,0.493,0.0032141015573910556
Lesotho,LSO,2015,0.511,0.0031918081457158526
Lesotho,LSO,2019,0.52,0.0032863217293793746
Liberia,LBR,2000,0.387,0.05331590166742965
Liberia,LBR,2005,0.378,0.02709287048695572
Liberia,LBR,2010,0.407,0.025474153482744833
Liberia,LBR,2015,0.432,0.02544122283514041
Liberia,LBR,2019,0.435,0.01959918048996706
Libya,LBY,1990,0.677,0.10302229537032466
Libya,LBY,1995,0.704,0.10265947407835195
Libya,LBY,2000,0.727,0.10590659645744939
Libya,LBY,2005,0.747,0.10782093789998783
Libya,LBY,2010,0.755,0.110363858118778
Libya,LBY,2015,0.694,0.12014773347833504
Libya,LBY,2019,0.706,0.1225137069074848
Liechtenstein,LIE,2000,0.862,0.46658027965284476
Liechtenstein,LIE,2005,0.886,0.5444069944977386
Liechtenstein,LIE,2010,0.904,0.6207145635383675
Liechtenstein,LIE,2015,0.912,0.6351481184947958
Liechtenstein,LIE,2019,0.916,0.6717752571880771
Lithuania,LTU,1990,0.732,0.09444924304417879
Lithuania,LTU,1995,0.703,0.07538696900776004
Lithuania,LTU,2000,0.756,0.06123983293785233
Lithuania,LTU,2005,0.809,0.06055900808059406
Lithuania,LTU,2010,0.824,0.051907446593497136
Lithuania,LTU,2015,0.852,0.046824514356727055
Lithuania,LTU,2019,0.858,0.04202065363628966
Luxembourg,LUX,1990,0.782,0.2980096896687181
Luxembourg,LUX,1995,0.808,0.30861058427653715
Luxembourg,LUX,2000,0.855,0.3203071281228512
Luxembourg,LUX,2005,0.878,0.3237996551709312
Luxembourg,LUX,2010,0.889,0.32180892508773
Luxembourg,LUX,2015,0.899,0.43694917872767747
Luxembourg,LUX,2019,0.904,0.4800223126135376
Macedonia,MKD,2000,0.669,0.06175733566474463
Macedonia,MKD,2005,0.702,0.06196605983770112
Macedonia,MKD,2010,0.735,0.06263506638444885
Macedonia,MKD,2015,0.754,0.06287127379614953
Macedonia,MKD,2019,0.757,0.06297534563827019
Madagascar,MDG,2000,0.456,0.0014930734861581985
Madagascar,MDG,2005,0.479,0.0014210826317721749
Madagascar,MDG,2010,0.504,0.0013665607016760876
Madagascar,MDG,2015,0.514,0.0013235488787529369
Madagascar,MDG,2019,0.519,0.0013301923116757787
Malawi,MWI,1990,0.34,0.11991323302674252
Malawi,MWI,1995,0.398,0.024544272056795654
Malawi,MWI,2000,0.399,0.02086510443584837
Malawi,MWI,2005,0.38,0.017555983105273964
Malawi,MWI,2010,0.441,0.014974402343061148
Malawi,MWI,2015,0.47,0.013902585101028032
Malawi,MWI,2019,0.477,0.013649765767722161
Malaysia,MYS,1990,0.643,0.03859826917888938
Malaysia,MYS,1995,0.683,0.04575292761131156
Malaysia,MYS,2000,0.725,0.0631017410904777
Malaysia,MYS,2005,0.731,0.0746772429818816
Malaysia,MYS,2010,0.772,0.085698808867757
Malaysia,MYS,2015,0.795,0.10837716356685327
Malaysia,MYS,2019,0.802,0.10880221868504407
Maldives,MDV,1995,0.539,0.07283415768536117
Maldives,MDV,2000,0.606,0.09696561893785925
Maldives,MDV,2005,0.631,0.140938274386123
Maldives,MDV,2010,0.671,0.14945014682802255
Maldives,MDV,2015,0.71,0.1412857346976908
Maldives,MDV,2019,0.717,0.134282600601905
Mali,MLI,1990,0.231,0.019022207684268464
Mali,MLI,1995,0.262,0.01838028144770106
Mali,MLI,2000,0.308,0.017309272553783443
Mali,MLI,2005,0.363,0.02010071452299852
Mali,MLI,2010,0.403,0.022550803346828265
Mali,MLI,2015,0.418,0.024113157470093374
Mali,MLI,2019,0.427,0.024543327834764064
Malta,MLT,1990,0.74,0.04256995228280205
Malta,MLT,1995,0.759,0.0470034629947088
Malta,MLT,2000,0.783,0.05516974418527149
Malta,MLT,2005,0.824,0.06081706839939183
Malta,MLT,2010,0.843,0.07963175620253408
Malta,MLT,2015,0.871,0.1182825416298733
Malta,MLT,2019,0.878,0.17568506607656195
Marshall Islands,MHL,2019,0.708,0.05642579562768562
Mauritania,MRT,1990,0.374,0.05488250277976313
Mauritania,MRT,1995,0.418,0.038710597632292114
Mauritania,MRT,2000,0.442,0.021810351153268986
Mauritania,MRT,2005,0.466,0.01921801313011004
Mauritania,MRT,2010,0.487,0.024234194141998372
Mauritania,MRT,2015,0.514,0.041161544828227065
Mauritania,MRT,2019,0.52,0.0392855934353155
Mauritius,MUS,1990,0.619,0.003412434181011074
Mauritius,MUS,1995,0.648,0.006675534118456208
Mauritius,MUS,2000,0.673,0.013095756664782163
Mauritius,MUS,2005,0.713,0.015995877074285937
Mauritius,MUS,2010,0.749,0.019862444017914267
Mauritius,MUS,2015,0.782,0.022639701252569092
Mauritius,MUS,2019,0.79,0.022800072393727035
Mexico,MEX,1990,0.65,0.00828744393287589
Mexico,MEX,1995,0.669,0.005002537275420578
Mexico,MEX,2000,0.702,0.005440362419172649
Mexico,MEX,2005,0.728,0.006721245559993881
Mexico,MEX,2010,0.743,0.00849778964895495
Mexico,MEX,2015,0.767,0.00844262027773284
Mexico,MEX,2019,0.774,0.008405581871792417
Micronesia (country),FSM,2000,0.552,0.02901249511182287
Micronesia (country),FSM,2005,0.582,0.027372348745394754
Micronesia (country),FSM,2010,0.608,0.027266278629106702
Micronesia (country),FSM,2015,0.627,0.025308783690711236
Micronesia (country),FSM,2019,0.627,0.025026633522727274
Moldova,MDA,1990,0.651,0.14722997835497836
Moldova,MDA,1995,0.594,0.09992411088789717
Moldova,MDA,2000,0.597,0.06809224770248973
Moldova,MDA,2005,0.648,0.04759752413434962
Moldova,MDA,2010,0.67,0.036352151643227415
Moldova,MDA,2015,0.693,0.029929872699422752
Moldova,MDA,2019,0.7,0.029530867205714344
Mongolia,MNG,1990,0.579,0.003075803117467018
Mongolia,MNG,1995,0.555,0.003230607218388004
Mongolia,MNG,2000,0.589,0.0034228490818038406
Mongolia,MNG,2005,0.65,0.004542784584060316
Mongolia,MNG,2010,0.697,0.0059053728524914185
Mongolia,MNG,2015,0.737,0.006632117578513353
Mongolia,MNG,2019,0.741,0.006664546931936327
Montenegro,MNE,2010,0.793,0.12674919441807603
Montenegro,MNE,2015,0.809,0.11527439127297041
Montenegro,MNE,2019,0.814,0.11403160626340696
Morocco,MAR,1990,0.458,0.0022128422488362576
Morocco,MAR,1995,0.489,0.0018655824851588764
Morocco,MAR,2000,0.53,0.0018418625837983398
Morocco,MAR,2005,0.58,0.0017855195640625369
Morocco,MAR,2010,0.616,0.0021923800254821783
Morocco,MAR,2015,0.655,0.002666312558449276
Morocco,MAR,2019,0.667,0.0027359522173414194
Mozambique,MOZ,1990,0.209,0.009419361634434647
Mozambique,MOZ,1995,0.229,0.010866943877417235
Mozambique,MOZ,2000,0.298,0.011049164780320064
Mozambique,MOZ,2005,0.357,0.012914997981109035
Mozambique,MOZ,2010,0.403,0.01302382067599898
Mozambique,MOZ,2015,0.432,0.011899784638726082
Mozambique,MOZ,2019,0.437,0.011346129344755733
Myanmar,MMR,1990,0.359,0.003230781591253498
Myanmar,MMR,1995,0.398,0.002589040152934752
Myanmar,MMR,2000,0.431,0.002097851610822595
Myanmar,MMR,2005,0.477,0.0016961211216589428
Myanmar,MMR,2010,0.53,0.0015101336899336292
Myanmar,MMR,2015,0.569,0.001391571558827796
Myanmar,MMR,2019,0.578,0.0014150115638346668
Namibia,NAM,1990,0.579,0.08419329962558579
Namibia,NAM,1995,0.588,0.07087319894462993
Namibia,NAM,2000,0.558,0.07553170089118792
Namibia,NAM,2005,0.556,0.055381464360889844
Namibia,NAM,2010,0.594,0.04900055406786812
Namibia,NAM,2015,0.642,0.0438972847254141
Namibia,NAM,2019,0.647,0.043933740562155495
Nepal,NPL,1990,0.378,0.022743355127016626
Nepal,NPL,1995,0.41,0.03199030073640377
Nepal,NPL,2000,0.446,0.029986078339726104
Nepal,NPL,2005,0.475,0.02639231680553128
Nepal,NPL,2010,0.529,0.02142125860486343
Nepal,NPL,2015,0.566,0.0188587975338618
Nepal,NPL,2019,0.574,0.017473805686447363
Netherlands,NLD,1990,0.829,0.07907315047108954
Netherlands,NLD,1995,0.861,0.0870795961913722
Netherlands,NLD,2000,0.876,0.09772601987766423
Netherlands,NLD,2005,0.891,0.10638119131845919
Netherlands,NLD,2010,0.91,0.11028989141033911
Netherlands,NLD,2015,0.926,0.11784693472337507
Netherlands,NLD,2019,0.931,0.13248150123698443
New Zealand,NZL,1990,0.818,0.15557901375457986
New Zealand,NZL,1995,0.851,0.16023765448902924
New Zealand,NZL,2000,0.869,0.17596313865774943
New Zealand,NZL,2005,0.888,0.20318633735697525
New Zealand,NZL,2010,0.899,0.21776794538809846
New Zealand,NZL,2015,0.914,0.2262410514176295
New Zealand,NZL,2019,0.917,0.21875734315832565
Nicaragua,NIC,1990,0.489,0.009924920341378348
Nicaragua,NIC,1995,0.524,0.005721827485364404
Nicaragua,NIC,2000,0.57,0.005994710908918032
Nicaragua,NIC,2005,0.596,0.006420296063941868
Nicaragua,NIC,2010,0.621,0.006410127634221116
Nicaragua,NIC,2015,0.652,0.006469620326389469
Nicaragua,NIC,2019,0.658,0.0065226069454968226
Niger,NER,1990,0.21,0.014385185441739837
Niger,NER,1995,0.229,0.015384043139681326
Niger,NER,2000,0.252,0.0107893381289085
Niger,NER,2005,0.283,0.009135109652362914
Niger,NER,2010,0.318,0.0076812322624631585
Niger,NER,2015,0.347,0.012648848248268157
Niger,NER,2019,0.354,0.01310705705863597
Nigeria,NGA,2005,0.465,0.006980116575941633
Nigeria,NGA,2010,0.484,0.006237596582988796
Nigeria,NGA,2015,0.527,0.006619917710224117
Nigeria,NGA,2019,0.532,0.006414344187514939
Norway,NOR,1990,0.85,0.045405688071101714
Norway,NOR,1995,0.883,0.05351964954908992
Norway,NOR,2000,0.917,0.06511737895201634
Norway,NOR,2005,0.932,0.07811405338751119
Norway,NOR,2010,0.942,0.10774633829469211
Norway,NOR,2015,0.948,0.14384882108049424
Norway,NOR,2019,0.953,0.1632875678165626
Oman,OMN,2000,0.704,0.2749627089916855
Oman,OMN,2005,0.748,0.2652701780905214
Oman,OMN,2010,0.793,0.2683671583864716
Oman,OMN,2015,0.822,0.43498350732117463
Oman,OMN,2019,0.821,0.4733893876425282
Pakistan,PAK,1990,0.404,0.05767137853038518
Pakistan,PAK,1995,0.428,0.029644544404628076
Pakistan,PAK,2000,0.45,0.029379000154120056
Pakistan,PAK,2005,0.5,0.0197819882332574
Pakistan,PAK,2010,0.526,0.02196791911095422
Pakistan,PAK,2015,0.551,0.017582978398046515
Pakistan,PAK,2019,0.562,0.015352249084336769
Palau,PLW,2000,0.743,0.33028003140539125
Palau,PLW,2005,0.76,0.3054951721348769
Palau,PLW,2010,0.769,0.3057644110275689
Palau,PLW,2015,0.793,0.27947919615058026
Palau,PLW,2019,0.798,0.2829061260959401
Palestine,PSE,2005,0.657,0.08029674773731808
Palestine,PSE,2010,0.672,0.06815135436659983
Palestine,PSE,2015,0.687,0.059836415702518825
Palestine,PSE,2019,0.686,0.05553297628169479
Panama,PAN,1990,0.66,0.02539269357052175
Panama,PAN,1995,0.688,0.02586006771623423
Panama,PAN,2000,0.719,0.027525073193396886
Panama,PAN,2005,0.739,0.035301903749815705
Panama,PAN,2010,0.758,0.04318487973301027
Panama,PAN,2015,0.781,0.04654418673917793
Panama,PAN,2019,0.789,0.04430874484333136
Papua New Guinea,PNG,1990,0.38,0.0073031143417263905
Papua New Guinea,PNG,1995,0.425,0.006463391593696622
Papua New Guinea,PNG,2000,0.449,0.00449826646414435
Papua New Guinea,PNG,2005,0.479,0.004635327117279504
Papua New Guinea,PNG,2010,0.52,0.00416181805174388
Papua New Guinea,PNG,2015,0.542,0.003816090111035395
Papua New Guinea,PNG,2019,0.544,0.0036266388545342747
Paraguay,PRY,1990,0.58,0.04638047646276769
Paraguay,PRY,1995,0.606,0.03905717646571177
Paraguay,PRY,2000,0.624,0.033177030136566324
Paraguay,PRY,2005,0.649,0.028887401581292615
Paraguay,PRY,2010,0.675,0.0256559678106024
Paraguay,PRY,2015,0.702,0.02339182860285022
Paraguay,PRY,2019,0.702,0.023076101437147493
Peru,PER,1990,0.611,0.0025683878341746093
Peru,PER,1995,0.643,0.0023347309125089097
Peru,PER,2000,0.678,0.0025056742372546216
Peru,PER,2005,0.698,0.0027946815033080465
Peru,PER,2010,0.717,0.0036071095465658046
Peru,PER,2015,0.745,0.005079431299554517
Peru,PER,2019,0.75,0.02445099067011749
Philippines,PHL,1990,0.586,0.0024892253287656096
Philippines,PHL,1995,0.598,0.0029712360789181627
Philippines,PHL,2000,0.624,0.004078572151633208
Philippines,PHL,2005,0.65,0.0029824995294015434
Philippines,PHL,2010,0.665,0.0022199228280462523
Philippines,PHL,2015,0.693,0.002074775593191604
Philippines,PHL,2019,0.699,0.002049001986105792
Poland,POL,1990,0.712,0.02959191443513282
Poland,POL,1995,0.74,0.02499611478150614
Poland,POL,2000,0.785,0.02157032339031281
Poland,POL,2005,0.808,0.01893097276869168
Poland,POL,2010,0.835,0.016886693443178752
Poland,POL,2015,0.855,0.01630590959735813
Poland,POL,2019,0.865,0.01727251394655741
Portugal,PRT,1990,0.711,0.04365145587324648
Portugal,PRT,1995,0.76,0.053143092640703694
Portugal,PRT,2000,0.785,0.06331180347949027
Portugal,PRT,2005,0.8,0.07342280971844167
Portugal,PRT,2010,0.822,0.0721477144829804
Portugal,PRT,2015,0.842,0.08349176043890777
Portugal,PRT,2019,0.847,0.08638227572277982
Qatar,QAT,1990,0.754,0.6503617635078672
Qatar,QAT,1995,0.784,0.7044086771241932
Qatar,QAT,2000,0.81,0.6071163337091624
Qatar,QAT,2005,0.831,0.7464918605618569
Qatar,QAT,2010,0.825,0.7845670509560008
Qatar,QAT,2015,0.854,0.6577672457136621
Qatar,QAT,2019,0.856,0.8015625106725188
Romania,ROU,1990,0.701,0.005854062835978275
Romania,ROU,1995,0.687,0.005952891585226238
Romania,ROU,2000,0.709,0.005982006571233372
Romania,ROU,2005,0.755,0.006808824802055002
Romania,ROU,2010,0.797,0.008752512919156743
Romania,ROU,2015,0.805,0.014183253992169052
Romania,ROU,2019,0.811,0.023752363158634188
Russia,RUS,1990,0.734,0.07771793488522645
Russia,RUS,1995,0.7,0.08039675573348164
Russia,RUS,2000,0.72,0.08117719299505786
Russia,RUS,2005,0.752,0.08129673965499212
Russia,RUS,2010,0.78,0.07836719062178532
Russia,RUS,2015,0.813,0.08080172733800534
Russia,RUS,2019,0.816,0.08056974052459871
Rwanda,RWA,1990,0.25,0.021954532944832968
Rwanda,RWA,1995,0.234,0.036963108852144995
Rwanda,RWA,2000,0.335,0.04374715847536598
Rwanda,RWA,2005,0.408,0.04787066830388175
Rwanda,RWA,2010,0.485,0.04252282371606574
Rwanda,RWA,2015,0.51,0.045267287010521795
Rwanda,RWA,2019,0.524,0.04388999165090966
Saint Kitts and Nevis,KNA,2005,0.727,0.14260409330516252
Saint Kitts and Nevis,KNA,2010,0.745,0.14780887873347479
Saint Kitts and Nevis,KNA,2015,0.773,0.14536257641153838
Saint Kitts and Nevis,KNA,2019,0.778,0.14467687496424553
Saint Lucia,LCA,2000,0.69,0.06298132445176068
Saint Lucia,LCA,2005,0.7,0.060226292246216735
Saint Lucia,LCA,2010,0.731,0.05199184306516932
Saint Lucia,LCA,2015,0.744,0.04841843171845517
Saint Lucia,LCA,2019,0.747,0.046088548510355216
Saint Vincent and the Grenadines,VCT,2000,0.673,0.0399595487270838
Saint Vincent and the Grenadines,VCT,2005,0.697,0.040841880420571935
Saint Vincent and the Grenadines,VCT,2010,0.715,0.04220590272966607
Saint Vincent and the Grenadines,VCT,2015,0.72,0.04248360024920292
Saint Vincent and the Grenadines,VCT,2019,0.723,0.042573269213320025
Samoa,WSM,1990,0.62,0.02062001314472092
Samoa,WSM,1995,0.618,0.027602996695167418
Samoa,WSM,2000,0.647,0.034381556169534665
Samoa,WSM,2005,0.673,0.03197071113410895
Samoa,WSM,2010,0.693,0.0275451871211999
Samoa,WSM,2015,0.706,0.021972684005725714
Samoa,WSM,2019,0.713,0.020573089277520013
Sao Tome and Principe,STP,1990,0.453,0.046825323591339583
Sao Tome and Principe,STP,1995,0.469,0.0374853810051793
Sao Tome and Principe,STP,2000,0.49,0.030682824647481406
Sao Tome and Principe,STP,2005,0.517,0.021800701077016867
Sao Tome and Principe,STP,2010,0.542,0.014969146924949132
Sao Tome and Principe,STP,2015,0.58,0.012004091620201373
Sao Tome and Principe,STP,2019,0.589,0.010301950452072712
Saudi Arabia,SAU,1990,0.697,0.3079038560631424
Saudi Arabia,SAU,1995,0.722,0.27484095397409714
Saudi Arabia,SAU,2000,0.743,0.25471481756805836
Saudi Arabia,SAU,2005,0.77,0.273000043709775
Saudi Arabia,SAU,2010,0.808,0.30742184014192386
Saudi Arabia,SAU,2015,0.854,0.33960145933810326
Saudi Arabia,SAU,2019,0.853,0.38938749666282857
Senegal,SEN,1990,0.367,0.035928643357226855
Senegal,SEN,1995,0.368,0.033101101429155996
Senegal,SEN,2000,0.38,0.023668840162429393
Senegal,SEN,2005,0.422,0.021487421772684794
Senegal,SEN,2010,0.456,0.020199480239542874
Senegal,SEN,2015,0.492,0.018280121376340257
Senegal,SEN,2019,0.505,0.017360461097136688
Serbia,SRB,1990,0.718,0.013085815976799368
Serbia,SRB,1995,0.695,0.1142215374309688
Serbia,SRB,2000,0.711,0.13009951910143572
Serbia,SRB,2005,0.742,0.11488704998098986
Serbia,SRB,2010,0.759,0.11332129912406828
Serbia,SRB,2015,0.78,0.11379808531829783
Serbia,SRB,2019,0.787,0.11748813105084384
Seychelles,SYC,2000,0.718,0.0810294462042869
Seychelles,SYC,2005,0.73,0.10858335948248811
Seychelles,SYC,2010,0.747,0.12721399131112843
Seychelles,SYC,2015,0.791,0.1369207548785579
Seychelles,SYC,2019,0.797,0.13358549843947004
Sierra Leone,SLE,1990,0.275,0.05142598133878672
Sierra Leone,SLE,1995,0.274,0.022889633888070908
Sierra Leone,SLE,2000,0.284,0.021370374676278326
Sierra Leone,SLE,2005,0.342,0.02586959386597478
Sierra Leone,SLE,2010,0.385,0.012322242821208317
Sierra Leone,SLE,2015,0.413,0.008200460853267342
Sierra Leone,SLE,2019,0.419,0.007102079252260804
Singapore,SGP,1990,0.718,0.23867098635700718
Singapore,SGP,1995,0.773,0.281313750068804
Singapore,SGP,2000,0.819,0.3355831481866299
Singapore,SGP,2005,0.868,0.4010054944462443
Singapore,SGP,2010,0.909,0.4264148668868083
Singapore,SGP,2015,0.929,0.45955502816439814
Singapore,SGP,2019,0.932,0.38229772379189725
Slovakia,SVK,1990,0.739,0.0077927048054729905
Slovakia,SVK,1995,0.751,0.012928573839719106
Slovakia,SVK,2000,0.764,0.02159622322184118
Slovakia,SVK,2005,0.794,0.024287304569101404
Slovakia,SVK,2010,0.829,0.02713919206562714
Slovakia,SVK,2015,0.851,0.03274898913142278
Slovakia,SVK,2019,0.855,0.03451140451157525
Slovenia,SVN,1990,0.767,0.08912044625032718
Slovenia,SVN,1995,0.782,0.08765337669960681
Slovenia,SVN,2000,0.825,0.10785122616488807
Slovenia,SVN,2005,0.861,0.10858326576601346
Slovenia,SVN,2010,0.882,0.12388367959706782
Slovenia,SVN,2015,0.889,0.11515019643513957
Slovenia,SVN,2019,0.896,0.1224366006698359
Solomon Islands,SLB,2000,0.45,0.009647167159404836
Solomon Islands,SLB,2005,0.487,0.006960788903595946
Solomon Islands,SLB,2010,0.507,0.005228649208787919
Solomon Islands,SLB,2015,0.546,0.004286060107640628
Solomon Islands,SLB,2019,0.546,0.0038783318884045227
South Africa,ZAF,1990,0.618,0.03162681798776207
South Africa,ZAF,1995,0.649,0.024225621744388023
South Africa,ZAF,2000,0.63,0.022615406593549308
South Africa,ZAF,2005,0.614,0.028216667539323493
South Africa,ZAF,2010,0.649,0.04129102615297541
South Africa,ZAF,2015,0.692,0.06891036922497552
South Africa,ZAF,2019,0.699,0.07310978946868153
South Korea,KOR,1990,0.728,0.0010088109008027962
South Korea,KOR,1995,0.778,0.002747344925511816
South Korea,KOR,2000,0.817,0.005195358732879098
South Korea,KOR,2005,0.855,0.010087567260392805
South Korea,KOR,2010,0.884,0.018565300897733776
South Korea,KOR,2015,0.898,0.022406903608073923
South Korea,KOR,2019,0.903,0.022536055597361618
South Sudan,SSD,2010,0.413,0.02712401418372288
South Sudan,SSD,2015,0.399,0.07877463054531976
South Sudan,SSD,2019,0.388,0.07885917535842098
Spain,ESP,1990,0.754,0.021138708758992965
Spain,ESP,1995,0.8,0.025678826806430865
Spain,ESP,2000,0.825,0.04085216318019603
Spain,ESP,2005,0.844,0.09408772401444981
Spain,ESP,2010,0.865,0.13483218944362052
Spain,ESP,2015,0.885,0.1268431329453404
Spain,ESP,2019,0.891,0.13064454652386734
Sri Lanka,LKA,1990,0.625,0.0023987962903588775
Sri Lanka,LKA,1995,0.65,0.002238732500600781
Sri Lanka,LKA,2000,0.685,0.0021372272208787482
Sri Lanka,LKA,2005,0.718,0.0020223087371555306
Sri Lanka,LKA,2010,0.745,0.0019227867778562125
Sri Lanka,LKA,2015,0.766,0.0018934668574153552
Sri Lanka,LKA,2019,0.77,0.0018467005076142132
Sudan,SDN,1990,0.331,0.0696309583429085
Sudan,SDN,1995,0.366,0.043718906863807284
Sudan,SDN,2000,0.402,0.02951734398679524
Sudan,SDN,2005,0.436,0.01765517108571262
Sudan,SDN,2010,0.47,0.017910226289392334
Sudan,SDN,2015,0.497,0.015950538455309943
Sudan,SDN,2019,0.502,0.0292595010809771
Suriname,SUR,2005,0.676,0.06740025307129242
Suriname,SUR,2010,0.703,0.07505324768346591
Suriname,SUR,2015,0.722,0.07713053726864147
Suriname,SUR,2019,0.72,0.08013493266387843
Swaziland,SWZ,1990,0.536,0.09118333698110455
Swaziland,SWZ,1995,0.52,0.037932072491398204
Swaziland,SWZ,2000,0.471,0.03389975483248544
Swaziland,SWZ,2005,0.48,0.032401203595260525
Swaziland,SWZ,2010,0.538,0.030649761418883828
Swaziland,SWZ,2015,0.584,0.0293031799457268
Swaziland,SWZ,2019,0.588,0.028437120167295816
Sweden,SWE,1990,0.816,0.09215822013159501
Sweden,SWE,1995,0.856,0.10604151677042291
Sweden,SWE,2000,0.897,0.11314085523520957
Sweden,SWE,2005,0.899,0.1246781132040367
Sweden,SWE,2010,0.905,0.1476765187415908
Sweden,SWE,2015,0.929,0.17106155552104021
Sweden,SWE,2019,0.933,0.19691402730484353
Switzerland,CHE,1990,0.832,0.20732306765865752
Switzerland,CHE,1995,0.848,0.21004044065586214
Switzerland,CHE,2000,0.889,0.2186388279917876
Switzerland,CHE,2005,0.905,0.24276039835339375
Switzerland,CHE,2010,0.932,0.2652020617747759
Switzerland,CHE,2015,0.942,0.291750599705689
Switzerland,CHE,2019,0.944,0.30200387645550547
Syria,SYR,1995,0.579,0.05790041917000825
Syria,SYR,2000,0.59,0.050875859675258706
Syria,SYR,2005,0.635,0.04783506241648138
Syria,SYR,2010,0.644,0.08367740542329984
Syria,SYR,2015,0.538,0.04840552595129254
Syria,SYR,2019,0.536,0.05133286837798705
Tajikistan,TJK,1990,0.623,0.08117242582725281
Tajikistan,TJK,1995,0.55,0.06042644944065806
Tajikistan,TJK,2000,0.55,0.04817930676582897
Tajikistan,TJK,2005,0.593,0.041309874728268116
Tajikistan,TJK,2010,0.634,0.037171961504871405
Tajikistan,TJK,2015,0.645,0.03254081959510898
Tajikistan,TJK,2019,0.65,0.03011492239669824
Tanzania,TZA,1990,0.37,0.02277529480124957
Tanzania,TZA,1995,0.371,0.03730439353458372
Tanzania,TZA,2000,0.395,0.028346962522664734
Tanzania,TZA,2005,0.448,0.020055827883877168
Tanzania,TZA,2010,0.493,0.006986951063245654
Tanzania,TZA,2015,0.528,0.0074698393922470905
Tanzania,TZA,2019,0.538,0.00904085467847885
Thailand,THA,1990,0.574,0.00934777151445416
Thailand,THA,1995,0.611,0.013616228650400219
Thailand,THA,2000,0.649,0.019980432274788403
Thailand,THA,2005,0.693,0.033072042762992505
Thailand,THA,2010,0.724,0.04798168995479844
Thailand,THA,2015,0.741,0.05073929726429982
Thailand,THA,2019,0.755,0.05235722712469013
Timor,TLS,2000,0.507,0.011988249209037887
Timor,TLS,2005,0.496,0.011341174815477298
Timor,TLS,2010,0.619,0.010553047352456235
Timor,TLS,2015,0.63,0.007121947468114238
Timor,TLS,2019,0.625,0.006638159202253678
Togo,TGO,1990,0.405,0.02247932868294937
Togo,TGO,1995,0.409,0.024035969127539962
Togo,TGO,2000,0.425,0.028017208993091954
Togo,TGO,2005,0.436,0.036317190696480886
Togo,TGO,2010,0.456,0.03977355454858457
Togo,TGO,2015,0.495,0.037877647867217944
Togo,TGO,2019,0.503,0.035383277217890925
Tonga,TON,1990,0.648,0.030619865571321882
Tonga,TON,1995,0.671,0.03411269484037676
Tonga,TON,2000,0.673,0.03760219652353199
Tonga,TON,2005,0.693,0.04262425053267925
Tonga,TON,2010,0.712,0.04427519089108149
Tonga,TON,2015,0.721,0.03923358569571645
Tonga,TON,2019,0.726,0.03635764605560239
Trinidad and Tobago,TTO,1990,0.672,0.041491553627992755
Trinidad and Tobago,TTO,1995,0.683,0.036671982140009565
Trinidad and Tobago,TTO,2000,0.716,0.03295024357753168
Trinidad and Tobago,TTO,2005,0.752,0.034563772365950846
Trinidad and Tobago,TTO,2010,0.775,0.03631073969974709
Trinidad and Tobago,TTO,2015,0.783,0.036502939442235725
Trinidad and Tobago,TTO,2019,0.784,0.042629534815786935
Tunisia,TUN,1990,0.569,0.004608312821747199
Tunisia,TUN,1995,0.607,0.004149627227217925
Tunisia,TUN,2000,0.653,0.0037822080992135636
Tunisia,TUN,2005,0.689,0.003466982679235534
Tunisia,TUN,2010,0.716,0.004059333288451116
Tunisia,TUN,2015,0.728,0.005056552583558297
Tunisia,TUN,2019,0.735,0.004967919286162181
Turkey,TUR,1990,0.579,0.02158100922521817
Turkey,TUR,1995,0.607,0.020794096328900488
Turkey,TUR,2000,0.655,0.02025551977275718
Turkey,TUR,2005,0.69,0.019428109041085957
Turkey,TUR,2010,0.734,0.018900745597203634
Turkey,TUR,2015,0.783,0.05534483266008025
Turkey,TUR,2019,0.791,0.07139029037560914
Turkmenistan,TKM,2010,0.673,0.03891698657005319
Turkmenistan,TKM,2015,0.701,0.03528587115093974
Turkmenistan,TKM,2019,0.706,0.03334986637971406
Uganda,UGA,1990,0.311,0.03136226264797983
Uganda,UGA,1995,0.321,0.029735094315664724
Uganda,UGA,2000,0.398,0.024705105738765873
Uganda,UGA,2005,0.437,0.021430987677799756
Uganda,UGA,2010,0.486,0.015200674154663136
Uganda,UGA,2015,0.505,0.022267231208482997
Uganda,UGA,2019,0.516,0.04059079085925779
Ukraine,UKR,1990,0.705,0.13283203576659217
Ukraine,UKR,1995,0.664,0.11982260780090595
Ukraine,UKR,2000,0.671,0.11239434040873073
Ukraine,UKR,2005,0.715,0.10721337263547616
Ukraine,UKR,2010,0.733,0.10505108925741269
Ukraine,UKR,2015,0.743,0.1088527891940717
Ukraine,UKR,2019,0.751,0.11125085371698898
United Arab Emirates,ARE,1990,0.727,0.7145871435196933
United Arab Emirates,ARE,1995,0.764,0.7553002165550766
United Arab Emirates,ARE,2000,0.798,0.780779065634311
United Arab Emirates,ARE,2005,0.825,0.7151164121201554
United Arab Emirates,ARE,2010,0.836,0.8557552361476999
United Arab Emirates,ARE,2015,0.86,0.8631342236232713
United Arab Emirates,ARE,2019,0.863,0.8916304181130872
United Kingdom,GBR,1990,0.775,0.06376314278125195
United Kingdom,GBR,1995,0.839,0.07161948415890441
United Kingdom,GBR,2000,0.867,0.08031861231123534
United Kingdom,GBR,2005,0.891,0.09811320654756463
United Kingdom,GBR,2010,0.905,0.11343119838148984
United Kingdom,GBR,2015,0.918,0.1291527115759018
United Kingdom,GBR,2019,0.922,0.14366453538150398
United States,USA,1990,0.86,0.09314456600553635
United States,USA,1995,0.877,0.10684717851268223
United States,USA,2000,0.885,0.12338302921575192
United States,USA,2005,0.898,0.13284632109616287
United States,USA,2010,0.914,0.14283839980711616
United States,USA,2015,0.92,0.15021037440814744
United States,USA,2019,0.924,0.15484777436619807
Uruguay,URY,1990,0.692,0.03155260112149436
Uruguay,URY,1995,0.711,0.02897638264158738
Uruguay,URY,2000,0.742,0.026771405919024886
Uruguay,URY,2005,0.756,0.024780819332151847
Uruguay,URY,2010,0.773,0.02271412730425464
Uruguay,URY,2015,0.8,0.023094604967337427
Uruguay,URY,2019,0.804,0.023622770887649927
Uzbekistan,UZB,2000,0.595,0.05705781650602019
Uzbekistan,UZB,2005,0.628,0.050824779302174494
Uzbekistan,UZB,2010,0.666,0.04271871411365992
Uzbekistan,UZB,2015,0.698,0.037409397774362675
Uzbekistan,UZB,2019,0.71,0.03545349168876724
Vanuatu,VUT,2005,0.572,0.01337907703481427
Vanuatu,VUT,2010,0.591,0.012662407762551278
Vanuatu,VUT,2015,0.599,0.011754508907166304
Vanuatu,VUT,2019,0.603,0.011087194205275387
Venezuela,VEN,1990,0.634,0.05220936637995911
Venezuela,VEN,1995,0.658,0.046509146561109334
Venezuela,VEN,2000,0.672,0.04190307999447431
Venezuela,VEN,2005,0.714,0.040725476532687266
Venezuela,VEN,2010,0.759,0.047375170271104654
Venezuela,VEN,2015,0.775,0.0466875867155551
Venezuela,VEN,2019,0.761,0.0476508731582866
Vietnam,VNM,1990,0.475,0.00041356773996305453
Vietnam,VNM,1995,0.529,0.0006843102994653844
Vietnam,VNM,2000,0.579,0.0007102203402480267
Vietnam,VNM,2005,0.616,0.0006175158867973903
Vietnam,VNM,2010,0.654,0.0007020307953886367
Vietnam,VNM,2015,0.684,0.0007854477411436675
Vietnam,VNM,2019,0.694,0.0007965635896732476
Yemen,YEM,1990,0.399,0.010150561148926391
Yemen,YEM,1995,0.415,0.009153900390355867
Yemen,YEM,2000,0.443,0.008325544290930614
Yemen,YEM,2005,0.474,0.008547645298307703
Yemen,YEM,2010,0.498,0.012455012134604168
Yemen,YEM,2015,0.483,0.014336311847332443
Yemen,YEM,2019,0.452,0.013531430412916918
Zambia,ZMB,1990,0.401,0.03477272486902509
Zambia,ZMB,1995,0.412,0.026860344741726227
Zambia,ZMB,2000,0.432,0.03299777725379476
Zambia,ZMB,2005,0.48,0.02133010555532455
Zambia,ZMB,2010,0.544,0.011021768069108416
Zambia,ZMB,2015,0.583,0.008319415371940975
Zambia,ZMB,2019,0.588,0.009811592119836177
Zimbabwe,ZWE,1990,0.491,0.06083161329474721
Zimbabwe,ZWE,1995,0.467,0.03779132488992363
Zimbabwe,ZWE,2000,0.44,0.03451666825597525
Zimbabwe,ZWE,2005,0.43,0.03330595554298406
Zimbabwe,ZWE,2010,0.467,0.031368379984348375
Zimbabwe,ZWE,2015,0.529,0.028989703596093677
Zimbabwe,ZWE,2019,0.535,0.028482338618872834
